parameter,value,PI,SD,finite,error
radial_radius,0.03,256.20275507639735,-1.8304052177455907,True,
radial_radius,0.05,29.070919457646184,-2.1770427807496913,True,
radial_radius,0.07,7.294287228416398,-4.325156406159283,True,
radial_radius,0.09,2.588545907180261,9.127528222903544,True,
radial_radius,0.117,1.300937343034871,3.2331249365139607,True,
radial_radius,0.2,0.5272581150200348,1.645144867805882,True,
radial_radius,0.3,0.344802122688894,1.3906821920836765,True,
radial_radius,0.5,0.2969634943715736,1.330011593659659,True,
radial_radius,0.7,0.29415872722482955,1.326326012051008,True,
radial_radius,0.9,0.29735987408787073,1.3299145920946402,True,
terminal_resistance,0.2,0.4728448208628617,1.5643406139759595,True,
terminal_resistance,1.6,0.5272581150200348,1.645144867805882,True,
terminal_resistance,5.0,0.461148612570152,1.5405161099387785,True,
terminal_resistance,10.0,0.4198266493203805,1.4764825525126628,True,
terminal_resistance,16.0,0.4012093694829827,1.4474864114071753,True,
terminal_resistance,30.0,0.3974168158437232,1.4419819114460442,True,
terminal_resistance,50.0,0.4091882138038883,1.4605036325900134,True,
terminal_resistance,100.0,0.419089083890301,1.4764524912016812,True,
av_radius,0.05,0.7474520344062184,2.0160449813623518,True,
av_radius,0.2,0.5272581150200348,1.645144867805882,True,
av_radius,0.5,0.46908764931194114,1.5549281084976723,True,
av_radius,0.8,0.5020959059583903,1.6048564602857018,True,
av_radius,1.0,0.5102446757060688,1.618009710586473,True,
av_radius,1.2,0.5144388580203904,1.6248393559979184,True,
av_radius,1.5,0.517685393552545,1.630091338715183,True,
av_radius,2.0,0.5200803331248256,1.6338907498126196,True,
av_radius,2.5,0.5211533180717967,1.6355536748992658,True,
av_radius,3.0,0.5217288476901076,1.636431844915219,True,
