ga,observed_PI,predicted_PI,model
15.29,1.185,0.5321863306733301,distal
16.86,1.15,0.532186330799439,distal
18.43,1.01,0.5321863307550077,distal
21.29,0.89,0.5321863300815765,distal
22.86,0.8,0.5321863280710212,distal
24.43,0.78,0.5321863206866043,distal
26.43,0.75,0.5321862799838526,distal
29.0,0.73,0.5321860514423427,distal
31.0,0.67,0.5321857931218263,distal
33.0,0.63,0.5321856804822964,distal
34.86,0.64,0.5321856547119357,distal
36.86,0.63,0.5321856488520944,distal
38.71,0.59,0.5321856477773765,distal
