radial_radius,av_radius,PI_full_solver,PI_additive_approx,abs_nonadditivity
0.12,0.1,1.2789516142856534,1.4259855746312107,0.14703396034555727
0.12,0.25,1.2338513067579853,1.179535826192201,0.05431548056578417
0.12,0.4,1.239840791562775,1.1605388227025308,0.0793019688602441
0.12,0.5499999999999999,1.2431863410088295,1.186896473829632,0.056289867179197595
0.12,0.7,1.2444966521820076,1.2045387485901795,0.03995790359182805
0.19,0.1,0.7431183467888254,0.7580482734896681,0.0149299267008427
0.19,0.25,0.5192663409431519,0.5115985250506585,0.007667815892493435
0.19,0.4,0.5095534071072688,0.49260152156098824,0.016951885546280576
0.19,0.5499999999999999,0.5361004515519794,0.5189591726880893,0.017141278863890053
0.19,0.7,0.5531019273401786,0.5366014474486369,0.016500479891541686
0.26,0.1,0.6317794144186203,0.5739762485683091,0.0578031658503112
0.26,0.25,0.2951840862336902,0.3275265001292995,0.03234241389560932
0.26,0.4,0.2286240679004168,0.30852949663962914,0.07990542873921233
0.26,0.5499999999999999,0.23869856829534297,0.3348871477667301,0.09618857947138715
0.26,0.7,0.25137589020745355,0.3525294225272778,0.10115353231982427
0.33,0.1,0.5999868792612568,0.5167151503831726,0.0832717288780842
0.33,0.25,0.22240166644455817,0.27026540194416304,0.047863735499604876
0.33,0.4,0.1273774376105465,0.25126839845449267,0.12389096084394616
0.33,0.5499999999999999,0.12199919119544562,0.27762604958159365,0.15562685838614804
0.33,0.7,0.12659887274924728,0.29526832434214134,0.16866945159289407
0.4,0.1,0.5894237385534369,0.4962478290876291,0.09317590946580778
0.4,0.25,0.19581331536997398,0.24979808064861952,0.05398476527864554
0.4,0.4,0.08912010462782881,0.23080107715894915,0.14168097253112033
0.4,0.5499999999999999,0.07624802638632601,0.25715872828605013,0.18091070189972414
0.4,0.7,0.07648837425999283,0.2748010030465978,0.198312628786605
