model,ga,param_estimate,param_ci_low,param_ci_high,predicted_PI,predicted_PI_ci_low,predicted_PI_ci_high
radial,14.0,0.11703488877266595,0.1150318335980343,0.1287707394953641,1.300525136004148,1.0795887726847677,1.3474799253180325
radial,14.25,0.11775061923369115,0.11576791524571063,0.12918657622188662,1.284458025312562,1.0730476154180766,1.329443674042512
radial,14.5,0.1184876628283453,0.11656716708869562,0.12976130655251972,1.2686002980283657,1.064007044350564,1.311024809384602
radial,14.75,0.11924591685548053,0.11739733706479771,0.13034229930907865,1.2526480872659351,1.0552576831698717,1.2923886975726806
radial,15.0,0.12002521137245047,0.1182555657223096,0.13092942323416296,1.2362853578363522,1.0466906185644969,1.273483176088137
radial,15.25,0.12082530612892382,0.11911869344284358,0.13152253930835808,1.2204726508359716,1.0380361190474037,1.2553246239141715
radial,15.5,0.1216458878402527,0.11997723440247311,0.13212150079850038,1.2042550490255213,1.029462494265253,1.2372625683944223
radial,15.75,0.1224865678576894,0.12083766174246803,0.13272615332531046,1.1882021163024574,1.0214666028297104,1.2202284601383027
radial,16.0,0.12334688029185935,0.12169654903232188,0.13333633495072028,1.1721927732974036,1.0133975949013396,1.203253804385435
radial,16.25,0.12422628064382102,0.12260293191739477,0.13395187628514174,1.1560656362153432,1.0052577104786469,1.1860367260659659
radial,16.5,0.12512414499468688,0.12354985055808028,0.13457260061484083,1.1402995168560146,0.9973806697714745,1.168415749413176
radial,16.75,0.12603976980010573,0.12452082226275399,0.1351983240494966,1.1242595488207567,0.9894682651519091,1.1508936095991746
radial,17.0,0.1269723723298937,0.12535877403698414,0.13582885568993427,1.1087749507844944,0.9814950597575393,1.136179529819603
radial,17.25,0.12792109178579444,0.12622769824019284,0.13646399781592947,1.093022753085498,0.9737126904459624,1.121139252380008
radial,17.5,0.1288849911218027,0.1269719462477881,0.1371035460938884,1.0777915820836395,0.9659688635932,1.1087820252990115
radial,17.75,0.1298630595818367,0.1277882114289093,0.13774728980411044,1.062406458051488,0.9581742372900477,1.095229050889289
radial,18.0,0.13085421595894683,0.12870522980428323,0.13839501208724644,1.0477880113942615,0.9505289128828586,1.0806192473026204
radial,18.25,0.13185731256891367,0.12945677876356032,0.13904649020946705,1.0331512488712824,0.9429663249621458,1.0687972998345354
radial,18.5,0.13287113991926502,0.13022007772088864,0.13970113716769456,1.0195493081629936,0.9353669520749223,1.0570410890190627
radial,18.75,0.13389443204270798,0.13097189856489266,0.14035724817963208,1.0060173499504614,0.9279174501820823,1.0460708364589664
radial,19.0,0.13492587245203314,0.13174228586785647,0.14101644813000924,0.9929134729849255,0.9205731287734283,1.034829669962977
radial,19.25,0.13596410066202141,0.13252232017998217,0.1416784979872899,0.9797848586005313,0.9131970557964194,1.0241620810237875
radial,19.5,0.13700771921309077,0.13331165144107185,0.1423431544068791,0.9671291618823383,0.9059422077434752,1.0137240082621475
radial,19.75,0.13805530112166492,0.1341100626213832,0.14301017008147796,0.9544723976403874,0.8988028915769665,1.00322956011737
radial,20.0,0.139105397673828,0.13491782085756115,0.1436792941042271,0.9422825063299906,0.8916410089782022,0.9930152870928308
radial,20.25,0.1401565464719856,0.1357337046605257,0.1443502723435239,0.9301535211153067,0.8846035473811682,0.9826982645648883
radial,20.5,0.1412072796392054,0.13655758588572234,0.14502284782833466,0.9184470243378422,0.8776817375110055,0.972579500297639
radial,20.75,0.1422561320828046,0.13751984919708554,0.14569676114276178,0.9068736399552985,0.8707461593688017,0.9609281508580881
radial,21.0,0.14330164971768292,0.13849545487871653,0.1463717508285779,0.8956830769186113,0.8639439693328976,0.9493629375176303
radial,21.25,0.14434239755089784,0.1392596866346999,0.14712991614529747,0.8846845908009116,0.8564359413880214,0.9404914656304014
radial,21.5,0.1453769675320036,0.1399208875768007,0.14789093570413347,0.8740373149659816,0.8488996481966361,0.9328160117857637
radial,21.75,0.14640398607862795,0.14077407893946206,0.14873861083795678,0.8636247471885332,0.8407768330715267,0.9232734281801794
radial,22.0,0.1474221211934802,0.14163370527101068,0.14953361317418784,0.8535422668568752,0.8331963684414858,0.9136961033235513
radial,22.25,0.14843008909725977,0.14249751479141706,0.1504138715230739,0.8437186334114349,0.8249473988498023,0.904290031294304
radial,22.5,0.14942666031151003,0.14336495257670137,0.1514297282360521,0.8342161797749398,0.8156155462791636,0.8950055229390163
radial,22.75,0.15041066513605705,0.1442354542041514,0.1523635829350413,0.8249768533294973,0.8071576812494661,0.8857851981375973
radial,23.0,0.1513809984769764,0.1451084472164367,0.15330157038458944,0.816063187094731,0.7988525415577786,0.8768007915014862
radial,23.25,0.15233662399273684,0.1459833526305156,0.1543266143752727,0.8073963814387772,0.7898799784639021,0.8677967033843971
radial,23.5,0.1532765775379649,0.14674794145567935,0.1553652583490311,0.7990738335192114,0.7810123996756643,0.8602185948286944
radial,23.75,0.15419996989586887,0.14750337889323806,0.1564088097263893,0.7909612247114927,0.7723337468937556,0.8527375807718428
radial,24.0,0.1551059888014861,0.14834880592426408,0.15739910440484473,0.7832259523446569,0.7644381014135855,0.8444936804645448
radial,24.25,0.1559939002683335,0.1491979783456296,0.15834464507497711,0.7756452749535792,0.75703688910013,0.8363966960764428
radial,24.5,0.1568630492405572,0.15002871078708824,0.15926450137627327,0.7687120833172651,0.7500701265977024,0.8284855584724122
radial,24.75,0.15771285960112608,0.15082236794258866,0.16020321166246204,0.7619365229932484,0.7430096264178265,0.8211948732092818
radial,25.0,0.15854283357389273,0.15157718705924797,0.16112260953269125,0.7555358587753801,0.7362682895191306,0.8142609615422379
radial,25.25,0.1593525505633742,0.15233737971280706,0.161948152044554,0.749403263986445,0.7302151319288535,0.807389690133095
radial,25.5,0.1601416654808618,0.15311091996867718,0.1628050681302761,0.7434609038880386,0.7241200546360207,0.8005406007500337
radial,25.75,0.16090990660895715,0.15388578532766561,0.16364285807881512,0.7378278994711002,0.7181728628422632,0.7936797786230974
radial,26.0,0.1616570730588957,0.15466270511342287,0.16442524366060526,0.7323494217396012,0.7127159360797164,0.7870105533520814
radial,26.25,0.1623830318761299,0.15543986820871805,0.16515580676557157,0.7271159494324472,0.7076965015060188,0.7803754068023898
radial,26.5,0.16308771484969065,0.15621721816581716,0.16585468448192414,0.7221136397188138,0.7028947657649172,0.7738613114381088
radial,26.75,0.16377111507994435,0.1569517094252096,0.16652236384595273,0.717262409111065,0.6984574122053624,0.768005193336483
radial,27.0,0.16443328335763038,0.15767376630527816,0.1672009387054894,0.7126606982324508,0.6939900654486146,0.7622482148677802
radial,27.25,0.16507432440463038,0.1584742942419963,0.167857396601966,0.7082563373051091,0.6896683240614249,0.7560549586029561
radial,27.5,0.1656943930239173,0.1592736794679985,0.16848809948453033,0.7039960703349378,0.68561706499692,0.7500006140171123
radial,27.75,0.16629369020268384,0.16006369941740964,0.169068689636288,0.6999628680062279,0.6819148439757807,0.7440325774990131
radial,28.0,0.1668724592088798,0.160833384977619,0.16961607085322364,0.6961525856086439,0.6784243847563453,0.738388982016092
radial,28.25,0.16743098171740992,0.16159042523869996,0.1701502259987779,0.6924755945118085,0.675048473198552,0.7328381061536636
radial,28.5,0.16796957399815948,0.16234051823833337,0.17070119337009987,0.6889298125766233,0.6716459428033543,0.7274177395867301
radial,28.75,0.16848858319391496,0.16294240934756918,0.1711623002842915,0.685613980550781,0.6687983507813287,0.7231451150800444
radial,29.0,0.16898838371221367,0.1635544062707496,0.17160643116414387,0.6824269268613238,0.6660555952266436,0.7188007527662085
radial,29.25,0.16946937375124907,0.16413201671876623,0.172051725610322,0.6793598210413498,0.6633157722465389,0.7147305922261888
radial,29.5,0.16993197197623883,0.1648271763830152,0.17258393077104955,0.6764099934087006,0.6601332156415507,0.7099544018748678
radial,29.75,0.17037661435916387,0.1655483041259938,0.17301900665552689,0.6736503989795941,0.6575314865866848,0.7049997942570546
radial,30.0,0.17080375119154706,0.1662643871382409,0.17342083275228254,0.6710125911333596,0.6551285893721255,0.7001557825359399
radial,30.25,0.17121384427697456,0.1667203014775984,0.17377423406464856,0.6684800379175866,0.6530152696152398,0.6971543046346305
radial,30.5,0.17160736430738568,0.16722963106517721,0.17414242022274004,0.666049832547384,0.6508406399095092,0.6938011714479111
radial,30.75,0.17198478842477233,0.16766642653719455,0.17442675829509285,0.6637190284051941,0.6491944239760761,0.6909255611775702
radial,31.0,0.17234659796783267,0.1681286101669841,0.17474306303656262,0.6615524523122844,0.6473631324401966,0.6879094030675289
radial,31.25,0.1726932764013097,0.1686095424828802,0.1750862684067293,0.6594793349889556,0.6453760958673834,0.6848426653278936
radial,31.5,0.17302530742420055,0.16901799237399157,0.17542447594522037,0.6574938083482185,0.6434179949558025,0.6822381227458733
radial,31.75,0.1733431732517303,0.16920511418604878,0.17577029865182894,0.6555929887704416,0.6414158049393505,0.6810449121755343
radial,32.0,0.17364735306493195,0.16960496611797157,0.17610367413521777,0.653774010780289,0.6395048729038403,0.6784951957822641
radial,32.25,0.17393832162083406,0.1700606366106658,0.17646796139006574,0.6520340353577203,0.6374632195743609,0.6756017375695568
radial,32.5,0.17421654801562092,0.17043747467326392,0.17679616033605303,0.6504114664515163,0.6356238237078042,0.6732745526421062
radial,32.75,0.17448249459266485,0.1706281731494676,0.17704308809069358,0.6488717307103647,0.6342399134400317,0.6720968833364919
radial,33.0,0.1747366159870257,0.17080937566730056,0.17730241719933604,0.6474004585554913,0.6327864995995949,0.6709778568628666
radial,33.25,0.1749793582978443,0.17098150851887867,0.17764788734770684,0.6459950672321227,0.6308503070228016,0.6699148406299792
radial,33.5,0.17521115838000673,0.17114498366674832,0.1778668111210274,0.6446530275064212,0.6296233454841975,0.6689052905396511
radial,33.75,0.17543244324650925,0.17130019870397206,0.17814549626413217,0.6433718671255767,0.6280876511567319,0.6679467512332701
radial,34.0,0.17564362957309065,0.171447536885312,0.1783934655366136,0.6421491736858106,0.6267425575302984,0.6670368558992152
radial,34.25,0.1758451232969068,0.17158736722085327,0.1787676736982377,0.6409825969559053,0.6247126890384362,0.66617332569468
radial,34.5,0.1760373193012867,0.1717200446240531,0.17904454280041404,0.6398767595559797,0.6232108301146793,0.6653539688313868
radial,34.75,0.17622060117891902,0.17184591010683956,0.1793495996001125,0.6388495535510442,0.6215560688095043,0.664576679370743
radial,35.0,0.17639534106616125,0.17196529101499286,0.1795754396834419,0.637870221258099,0.6203310135692333,0.6638394357702312
radial,35.25,0.1765618995415307,0.1720785012976375,0.17988052098687302,0.6369367418094892,0.6186761193451112,0.6631556551586052
radial,35.5,0.1767206255818217,0.17218584180523339,0.18015041889391045,0.6360471593595887,0.6172384188196113,0.6625137650255499
radial,35.75,0.17687185656968524,0.1722876006109904,0.18039167496303474,0.6351995830423197,0.6159719928869759,0.6619052531521682
radial,36.0,0.1770159183469037,0.1723840533511311,0.18058906044805642,0.6343921866725742,0.6149358568931141,0.6613284712495193
radial,36.25,0.17715312530798763,0.17247546357989993,0.18089263031876687,0.6336232082216491,0.6133423270058456,0.6607818432782047
radial,36.5,0.17728378052910895,0.17256208313565372,0.18122053995802387,0.6328909490946381,0.6116210303262488,0.6602638632591674
radial,36.75,0.17740817592776345,0.17264415251477785,0.18144769979400457,0.632193773235601,0.6104285997764873,0.6597730930376955
radial,37.0,0.17752659244892177,0.17272190125054623,0.18176194099770807,0.6315301060842778,0.6087790528410789,0.6593081600178599
radial,37.25,0.17763930027377892,0.17279554829439134,0.1820494355076291,0.6308984334061492,0.6072783255962357,0.658867754882542
radial,37.5,0.1777465590475497,0.17286530239736567,0.18227044569437129,0.6302973000157526,0.6061558115591615,0.6584506293123155
radial,37.75,0.17784861812307431,0.17293136248986696,0.18259769800912762,0.6297253084113925,0.6044936921682236,0.6580555937147111
radial,38.0,0.17794571681730167,0.17299424338861807,0.1829183432808959,0.6291811173376748,0.6028651300472331,0.6576795695149938
radial,38.25,0.17803808467800017,0.17305379809858548,0.18322904694902054,0.6286702985084198,0.6012870614795286,0.6573234357351075
radial,38.5,0.1781259417583103,0.17311018711004236,0.18352616105325376,0.6281937233361025,0.5997780145096548,0.6569862326523424
radial,38.75,0.17820949889700272,0.17316357421690814,0.18380017124457934,0.6277404729249791,0.5983863126582685,0.6566669807883719
radial,39.0,0.17828895800253292,0.17321411521025792,0.18412201809874557,0.6273094520354099,0.5967718448626864,0.6563647485214242
radial,39.25,0.1783645123391979,0.17326195821914658,0.18440389774444418,0.6268996123174461,0.5953868323742628,0.6560786500481719
radial,39.5,0.17843634681389575,0.1733072440424402,0.18467144848614636,0.6265099507553203,0.5940722247954641,0.6558078433994007
radial,39.75,0.17850463826216925,0.17334985998580682,0.18491365971322093,0.6261395081158215,0.592882122638555,0.6555530024808086
radial,40.0,0.17856955573238048,0.17337525016406438,0.1852081492408659,0.6257873674068075,0.5914351516361354,0.6554011706582743
distal,14.0,1.063999950522396,1.0639919726664966,1.063999990571949,0.5321863306427514,0.5321863046444254,0.5321863307732654
distal,14.25,1.0639999516456036,1.063991973791897,1.0639999916950826,0.5321863306464117,0.5321863046480929,0.5321863307769255
distal,14.5,1.0639999530304007,1.0639919751793974,1.063999992873199,0.5321863306509246,0.5321863046526145,0.5321863307807647
distal,14.75,1.0639999547377095,1.0639919768900392,1.063999994377462,0.5321863306564883,0.5321863046581892,0.5321863307856668
distal,15.0,1.0639999568426406,1.0639919789990795,1.0639999964532916,0.5321863306633479,0.5321863046650621,0.5321863307924315
distal,15.25,1.0639999594377965,1.0639919815993015,1.0639999990483378,0.532186330671805,0.5321863046735358,0.5321863308008883
distal,15.5,1.0639999626373458,1.063991984805097,1.0640000020076386,0.5321863306822318,0.5321863046839829,0.5321863308033005
distal,15.75,1.0639999665820448,1.0639919887574967,1.0640000059521006,0.5321863306950868,0.532186304696863,0.5321863308019465
distal,16.0,1.063999971445429,1.063991993630375,1.0640000108151928,0.5321863307109356,0.5321863047127428,0.5321863308002773
distal,16.25,1.0639999774414455,1.0639919996380967,1.0640000168108494,0.5321863307304755,0.5321863047323208,0.5321863307982194
distal,16.5,1.0639999848338635,1.063992007044946,1.0640000242028236,0.532186330754566,0.5321863047564583,0.5321863307956821
distal,16.75,1.0639999939478741,1.0639920161767489,1.064000033262237,0.5321863307842668,0.5321863047862171,0.5321863307925726
distal,17.0,1.0640000051843912,1.0639920274352015,1.0640000444982525,0.5321863308022101,0.5321863048229063,0.5321863307887159
distal,17.25,1.064000019037679,1.0639920413155335,1.0640000583509222,0.532186330797455,0.5321863048681397,0.5321863307839612
distal,17.5,1.0640000361170838,1.06399205842828,1.0640000754295647,0.5321863307915927,0.5321863049239068,0.5321863307780991
distal,17.75,1.0640000571738186,1.0639920795261213,1.06400009648536,0.5321863307843652,0.5321863049926607,0.5321863307708719
distal,18.0,1.0640000831339802,1.0639921055369614,1.064000122444363,0.5321863307754545,0.5321863050774251,0.5321863307619616
distal,18.25,1.0640001151392404,1.0639921376047017,1.064000154448195,0.532186330764469,0.5321863051819279,0.5321863307509765
distal,18.5,1.064000154596997,1.0639921771394867,1.0640001939041908,0.5321863307509255,0.5321863053107643,0.5321863307374336
distal,18.75,1.064000203242174,1.0639922258796275,1.0640002425471968,0.5321863307342284,0.5321863054695992,0.5321863307207373
distal,19.0,1.0640002632133698,1.0639922859678974,1.0640003025157163,0.5321863307136439,0.5321863056654156,0.5321863307001536
distal,19.25,1.0640003371466733,1.0639923600455317,1.0640003764457204,0.5321863306882668,0.5321863059068206,0.5321863306747778
distal,19.5,1.0640004282912245,1.063992451368013,1.0640004667760556,0.5321863306569823,0.5321863062044233,0.5321863306437726
distal,19.75,1.0640005406515336,1.063992563947669,1.0640005791297087,0.5321863306184155,0.5321863065712992,0.5321863306052083
distal,20.0,1.0640006791627044,1.063992702729238,1.0640007176326742,0.5321863305708727,0.5321863070235621,0.5321863305576683
distal,20.25,1.064000849906106,1.063992873805961,1.0640008883659613,0.5321863305122665,0.5321863075810688,0.5321863304990655
distal,20.5,1.064001060374724,1.063993084685451,1.0640010988221116,0.532186330440025,0.5321863082682853,0.5321863304268282
distal,20.75,1.0640013197994718,1.063993344616642,1.0640013582314916,0.5321863303509796,0.5321863091153519,0.5321863303377882
distal,21.0,1.064001639550233,1.063993664991614,1.064001677963311,0.5321863302412279,0.5321863101593934,0.5321863302280428
distal,21.25,1.0640020336283778,1.06399405983907,1.0640020720181116,0.5321863301059638,0.5321863114461267,0.5321863300927869
distal,21.5,1.0640025192710654,1.06399454642982,1.0640025576320304,0.5321863299392712,0.5321863130318342,0.532186329926104
distal,21.75,1.0640031176918567,1.0639951460188375,1.064003156017331,0.5321863297338683,0.5321863149857815,0.5321863297207133
distal,22.0,1.064003854987104,1.0639958847534206,1.064003893268602,0.5321863294807979,0.532186317393178,0.5321863294676581
distal,22.25,1.0640047632432779,1.063996794789493,1.0640048014706023,0.5321863291690466,0.5321863203588137,0.5321863291559255
distal,22.5,1.0640058818868157,1.0639979156738015,1.0640059200474181,0.5321863287850818,0.5321863240115641,0.5321863287719835
distal,22.75,1.06400725932513,1.0639992957296172,1.064007297432427,0.5321863283122877,0.5321863282992076,0.5321863285089053
distal,23.0,1.0640089549347593,1.0640009949480194,1.0640089929805183,0.5321863277302841,0.5321863277172252,0.5321863304624821
distal,23.25,1.0640110414597828,1.0640026734883592,1.064011079429816,0.532186327014102,0.5321863270010692,0.5321863298863373
distal,23.5,1.0640136078894868,1.064003295133459,1.0640136457663771,0.5321863261331967,0.5321863261201958,0.532186329672963
distal,23.75,1.0640167628873183,1.064004543790734,1.0640168006497046,0.5321863250502704,0.5321863250373088,0.5321863292443719
distal,24.0,1.0640206388407394,1.064005592072965,1.0640206764624558,0.5321863237198823,0.532186323706969,0.5321863288845579
distal,24.25,1.0640253965898545,1.064006878840085,1.0640254340388973,0.5321863220868251,0.5321863220739711,0.5321863284428859
distal,24.5,1.0640312308657836,1.064008456755924,1.0640312681030808,0.5321863200842594,0.5321863200714779,0.5321863279012797
distal,24.75,1.0640383764194956,1.0640103893064528,1.0640384128660316,0.5321863176316085,0.5321863176190985,0.5321863272379481
distal,25.0,1.0640471147369055,1.0640127526151566,1.06404715095526,0.5321863146322551,0.5321863146198234,0.5321863264267624
distal,25.25,1.0640577811018268,1.0640156373521477,1.0640578169697235,0.5321863109711156,0.5321863109588042,0.5321863254366008
distal,25.5,1.06407077156721,1.0640191506179852,1.0640708066492555,0.5321863065122483,0.5321863065002067,0.5321863242307021
distal,25.75,1.0640865491081792,1.0640234176055683,1.064086583350726,0.532186301096741,0.5321863010849875,0.5321863227660948
distal,26.0,1.064105647842454,1.0640285827385023,1.0641056809697136,0.5321862945412622,0.5321862945298915,0.5321863209932066
distal,26.25,1.0641286737123856,1.064033059004467,1.0641287058888496,0.5321862866378273,0.5321862866267829,0.5321863194567662
distal,26.5,1.0641562994544067,1.0640378563722073,1.0641563304899828,0.5321862771555252,0.5321862771448725,0.5321863178101104
distal,26.75,1.064189251115027,1.0640458370797772,1.0641892807897266,0.5321862658451467,0.5321862658349611,0.5321863150708
distal,27.0,1.0642282829684289,1.0640552901355511,1.064228311017703,0.5321862524477935,0.5321862524381659,0.5321863118261186
distal,27.25,1.064274137717931,1.0640663952833316,1.0642741643141052,0.5321862367085389,0.53218623669941,0.5321863080143707
distal,27.5,1.0643274896991566,1.0640793156648263,1.0643275145355329,0.5321862183959232,0.5321862183873982,0.5321863035795592
distal,27.75,1.0643888708709677,1.0640893764140376,1.0643888937100274,0.5321861973273556,0.5321861973195163,0.5321863001262922
distal,28.0,1.0644585829873643,1.06410539612048,1.0644586034594277,0.5321861733992619,0.5321861733922351,0.5321862946276635
distal,28.25,1.0645366043917217,1.064123324331156,1.064536621605598,0.5321861466190754,0.5321861466131669,0.5321862884739571
distal,28.5,1.0646225055203133,1.0641430620255303,1.0646225191518854,0.5321861171342404,0.5321861171295614,0.5321862816991606
distal,28.75,1.0647153916603658,1.0641644033077098,1.0647154014281854,0.5321860852518592,0.5321860852485065,0.5321862743739462
distal,29.0,1.0648138923174066,1.06418703300749,1.0648138985787505,0.5321860514423427,0.5321860514401935,0.5321862666064934
distal,29.25,1.064916211521859,1.0642105382869078,1.064916214272754,0.532186016322142,0.5321860163211979,0.5321862585385052
distal,29.5,1.065020242086594,1.064234434933152,1.065020242086594,0.5321859806145315,0.5321859806145315,0.5321862503361837
distal,29.75,1.065123731620353,1.0642582055242882,1.065123731620353,0.5321859450926253,0.5321859450926253,0.5321862421771295
distal,30.0,1.065224474019528,1.0642813434226848,1.065224474019528,0.5321859105136497,0.5321859105136497,0.5321862342352418
distal,30.25,1.0653204927491127,1.0643033948555067,1.0653204927491127,0.5321858775560337,0.5321858775560337,0.5321862266662742
distal,30.5,1.0654101846440134,1.0643239919055216,1.0654101846440134,0.5321858467700502,0.5321858467700502,0.5321862195965111
distal,30.75,1.0654924041660696,1.0643428718144956,1.0654924041660696,0.5321858185488955,0.5321858185488955,0.5321862131161422
distal,31.0,1.065566483397619,1.06435988152733,1.065566483397619,0.5321857931218263,0.5321857931218263,0.5321862072777024
distal,31.25,1.06563219689543,1.0643749695817835,1.06563219689543,0.5321857705662246,0.5321857705662246,0.5321862020988554
distal,31.5,1.065689688950048,1.0643881693779715,1.065689688950048,0.5321857508325637,0.5321857508325637,0.5321861975681371
distal,31.75,1.0657393828346649,1.0643995783255533,1.0657393828346649,0.5321857337755586,0.5321857337755586,0.5321861936521125
distal,32.0,1.065781888755074,1.0644093367037502,1.065781888755074,0.5321857191857612,0.5321857191857612,0.5321861903026318
distal,32.25,1.0658179219075479,1.0644176088498971,1.0658179219075479,0.5321857068176867,0.5321857068176867,0.5321861874632876
distal,32.5,1.0658482365272157,1.0644245680237556,1.0658482365272157,0.5321856964124502,0.5321856964124502,0.5321861850746101
distal,32.75,1.0658735773978614,1.0644303852826016,1.0658735773978614,0.5321856877144109,0.5321856877144109,0.5321861830778853
distal,33.0,1.0658946474425666,1.064435222048328,1.0658946474425666,0.5321856804822964,0.5321856804822964,0.5321861814177065
distal,33.25,1.065912088585978,1.064439225720611,1.065912088585978,0.5321856744957717,0.5321856744957717,0.5321861800434798
distal,33.5,1.0659264726820157,1.0644425275996563,1.0659264726820157,0.5321856695585525,0.5321856695585525,0.5321861789101378
distal,33.75,1.0659382995205162,1.0644452424328308,1.0659382995205162,0.5321856654990903,0.5321856654990903,0.5321861779782943
distal,34.0,1.0659479994344936,1.0644474690163532,1.0659479994344936,0.532185662169677,0.532185662169677,0.5321861772140384
distal,34.25,1.0659559386115065,1.0644492914168604,1.0659559386115065,0.5321856594446217,0.5321856594446217,0.5321861765885147
distal,34.5,1.0659624257502147,1.064450780501086,1.0659624257502147,0.5321856572179662,0.5321856572179662,0.5321861760773993
distal,34.75,1.065967719146205,1.0644519955635727,1.065967719146205,0.5321856554010529,0.5321856554010529,0.5321861756603393
distal,35.0,1.0659720336294745,1.0644529859199614,1.0659720336294745,0.532185653920143,0.532185653920143,0.5321861753204079
distal,35.25,1.065975547019646,1.0644537923893136,1.065975547019646,0.5321856527142016,0.5321856527142016,0.5321861750435941
distal,35.5,1.0659784059318154,1.0644544486271916,1.0659784059318154,0.5321856517329042,0.5321856517329042,0.532186174818346
distal,35.75,1.0659807308745681,1.0644549822961291,1.0659807308745681,0.5321856509348872,0.5321856509348872,0.5321861746351687
distal,36.0,1.065982620648435,1.0644554160754383,1.065982620648435,0.5321856502862384,0.5321856502862384,0.5321861744862776
distal,36.25,1.0659841560909549,1.0644557685209728,1.0659841560909549,0.5321856497592108,0.5321856497592108,0.5321861743653037
distal,36.5,1.0659854032333063,1.064456054789783,1.0659854032333063,0.5321856493311397,0.5321856493311397,0.5321861742670443
distal,36.75,1.0659864159401675,1.0644562872461232,1.0659864159401675,0.5321856489835366,0.5321856489835366,0.5321861741872557
distal,37.0,1.0659872381038786,1.0644564759651338,1.0659872381038786,0.5321856487013359,0.5321856487013359,0.5321861741224794
distal,37.25,1.065987905459328,1.064456629149455,1.065987905459328,0.5321856484722718,0.5321856484722718,0.5321861740699002
distal,37.5,1.0659884470793575,1.0644567534724958,1.0659884470793575,0.5321856482863653,0.5321856482863653,0.5321861740272273
distal,37.75,1.0659888866031486,1.0644568543604078,1.0659888866031486,0.5321856481355025,0.5321856481355025,0.5321861739925985
distal,38.0,1.065989243242794,1.064456936223139,1.065989243242794,0.532185648013089,0.532185648013089,0.5321861739644997
distal,38.25,1.065989532606485,1.064457002643394,1.065989532606485,0.5321856479137673,0.5321856479137673,0.5321861739417015
distal,38.5,1.0659897673706615,1.0644570565309188,1.0659897673706615,0.5321856478331864,0.5321856478331864,0.5321861739232051
distal,38.75,1.0659899578281344,1.0644571002483216,1.0659899578281344,0.5321856477678136,0.5321856477678136,0.5321861739081996
distal,39.0,1.0659901123346092,1.064457135713566,1.0659901123346092,0.5321856477147805,0.5321856477147805,0.5321861738960264
distal,39.25,1.0659902376721395,1.0644571644833998,1.0659902376721395,0.5321856476717595,0.5321856476717595,0.5321861738861514
distal,39.5,1.0659903393447678,1.0644571878212166,1.0659903393447678,0.5321856476368613,0.5321856476368613,0.5321861738781408
distal,39.75,1.0659904218188727,1.0644572067522249,1.0659904218188727,0.5321856476085527,0.5321856476085527,0.5321861738716429
distal,40.0,1.0659904887184826,1.064457222108281,1.0659904887184826,0.53218564758559,0.53218564758559,0.5321861738663721
shunt,14.0,0.05000000000000016,0.05000000000000016,0.0500000000009246,0.7474520344062184,0.7474520344060208,0.7474520344062184
shunt,14.25,0.05000000000000025,0.05000000000000023,0.05000000000133556,0.7474520344062184,0.747452034405933,0.7474520344062184
shunt,14.5,0.050000000000000384,0.050000000000000364,0.05000000000192931,0.7474520344062183,0.7474520344058062,0.7474520344062183
shunt,14.75,0.05000000000000063,0.050000000000000586,0.050000000002787086,0.7474520344062183,0.7474520344056229,0.7474520344062183
shunt,15.0,0.05000000000000101,0.05000000000000094,0.0500000000040265,0.7474520344062182,0.747452034405358,0.7474520344062182
shunt,15.25,0.050000000000001626,0.050000000000001536,0.05000000000581729,0.7474520344062181,0.7474520344049753,0.7474520344062181
shunt,15.5,0.050000000000002674,0.050000000000002515,0.050000000008404905,0.7474520344062179,0.7474520344044224,0.7474520344062179
shunt,15.75,0.05000000000000438,0.05000000000000412,0.050000000012144045,0.7474520344062175,0.7474520344036234,0.7474520344062175
shunt,16.0,0.0500000000000072,0.05000000000000678,0.05000000001754735,0.7474520344062169,0.7474520344024688,0.747452034406217
shunt,16.25,0.05000000000001186,0.05000000000001113,0.05000000002535584,0.7474520344062159,0.7474520344008002,0.7474520344062161
shunt,16.5,0.05000000000001952,0.05000000000001835,0.05000000003664045,0.7474520344062142,0.7474520343983889,0.7474520344062145
shunt,16.75,0.05000000000003218,0.05000000000003023,0.05000000005294936,0.7474520344062116,0.7474520343949039,0.747452034406212
shunt,17.0,0.05000000000005305,0.05000000000004983,0.0500000000765204,0.7474520344062071,0.7474520343898671,0.7474520344062078
shunt,17.25,0.05000000000008745,0.05000000000008214,0.05000000011058846,0.7474520344061998,0.7474520343825872,0.7474520344062009
shunt,17.5,0.05000000000014414,0.05000000000013541,0.05000000015983005,0.7474520344061877,0.747452034372065,0.7474520344061895
shunt,17.75,0.05000000000023764,0.05000000000022323,0.05000000023100567,0.7474520344061677,0.7474520343568558,0.7474520344061707
shunt,18.0,0.05000000000039176,0.05000000000036802,0.05000000036696378,0.7474520344061347,0.7474520343278035,0.7474520344061398
shunt,18.25,0.05000000000064589,0.05000000000060675,0.05000000059914132,0.7474520344060804,0.7474520342781905,0.7474520344060888
shunt,18.5,0.05000000000106489,0.05000000000100034,0.050000000979492525,0.7474520344059908,0.7474520341969149,0.7474520344060047
shunt,18.75,0.05000000000175569,0.05000000000164927,0.050000001603123755,0.7474520344058433,0.7474520340636538,0.747452034405866
shunt,19.0,0.050000000002894625,0.05000000000271914,0.05000000262641594,0.7474520344055999,0.7474520338449908,0.7474520344056373
shunt,19.25,0.050000000004772414,0.05000000000448309,0.05000000430659856,0.7474520344051986,0.7474520334859597,0.7474520344052604
shunt,19.5,0.050000000007868355,0.05000000000739134,0.050000007066923174,0.7474520344045371,0.7474520328961177,0.747452034404639
shunt,19.75,0.050000000012972695,0.050000000012186234,0.05000001152976599,0.7474520344034463,0.7474520319424718,0.7474520344036144
shunt,20.0,0.050000000021388345,0.05000000002009169,0.050000016393362184,0.7474520344016481,0.7474520309031906,0.7474520344019251
shunt,20.25,0.05000000003526338,0.050000000033125575,0.05000002622850408,0.7474520343986831,0.7474520288015609,0.74745203439914
shunt,20.5,0.050000000058139475,0.05000000005461485,0.05000004324349453,0.7474520343937948,0.7474520251657,0.747452034394548
shunt,20.75,0.05000000009585575,0.05000000009004462,0.05000007129647478,0.7474520343857354,0.7474520191711779,0.7474520343869772
shunt,21.0,0.05000000015803941,0.0500000001484585,0.050000117548029493,0.7474520343724477,0.7474520092878798,0.7474520343744949
shunt,21.25,0.050000000260562914,0.05000000024476663,0.05000019380397755,0.7474520343505399,0.7474519929930705,0.7474520343539153
shunt,21.5,0.05000000042959561,0.05000000040355196,0.05000031952885169,0.74745203431442,0.7474519661274567,0.7474520343199851
shunt,21.75,0.0500000007082834,0.05000000066534468,0.050000526814317756,0.7474520342548684,0.7474519218335068,0.7474520342640437
shunt,22.0,0.05000000116776188,0.050000001096967894,0.05000086857079615,0.7474520341566844,0.7474518488050181,0.747452034171812
shunt,22.25,0.05000000192531386,0.05000000180859429,0.050001432033388866,0.7474520339948063,0.7474517284010924,0.7474520340197476
shunt,22.5,0.050000003174305904,0.05000000298186787,0.05000236103000333,0.7474520337279145,0.7474515298877559,0.7474520337690358
shunt,22.75,0.050000005233545655,0.05000000491626902,0.05000389269695447,0.7474520332878843,0.7474512025923576,0.7474520333556818
shunt,23.0,0.05000000862865812,0.05000000810555735,0.050006403335038696,0.7474520325623971,0.7474506661047804,0.7474520326741764
shunt,23.25,0.05000001422625239,0.05000001336380497,0.050010354496016096,0.747452031366271,0.7474498217979911,0.7474520315505637
shunt,23.5,0.05000002345512549,0.050000022033190046,0.050017071997264774,0.7474520293941924,0.7474483863637115,0.7474520296980397
shunt,23.75,0.05000003867096594,0.0500000363265905,0.05002814783319856,0.7474520261427842,0.7474460196154242,0.7474520266437438
shunt,24.0,0.05000006375764854,0.05000005989242637,0.0500460363014626,0.7474520207821176,0.747442197104701,0.7474520216080605
shunt,24.25,0.050000105118603394,0.05000009874592801,0.05007590733713196,0.747452011943871,0.7474358140900976,0.7474520133056209
shunt,24.5,0.05000017331131027,0.05000016280454094,0.05012006730470569,0.7474519973720615,0.7474263777343909,0.7474519996172083
shunt,24.75,0.05000028574213321,0.050000268419388566,0.050174871471080636,0.7474519733471969,0.7474146668651005,0.7474519770488206
shunt,25.0,0.05000047110937628,0.050000442548970105,0.050264950550529035,0.7474519337368589,0.7473954182496211,0.7474519398398107
shunt,25.25,0.05000077672871095,0.05000072964048404,0.0504370371347317,0.7474518684303628,0.747358645799139,0.7474518784924458
shunt,25.5,0.05000128061094531,0.05000120297537261,0.05072057421629092,0.7474517607579105,0.7472980579657541,0.747451777347526
shunt,25.75,0.050002111375392504,0.050001983375397796,0.05118560400609662,0.7474515832353882,0.7471986877272342,0.7474516105871628
shunt,26.0,0.05000348108280534,0.0500032700449295,0.05195877405548795,0.747451290548435,0.7470334723068272,0.7474513356442214
shunt,26.25,0.05000573937137825,0.050005391424497815,0.05324025708698575,0.7474508079843519,0.7467596376465736,0.7474508823356414
shunt,26.5,0.050009462721829025,0.050008889042866336,0.055370681732589994,0.7474500123574254,0.7463043962624228,0.7474501349444437
shunt,26.75,0.05001560165755319,0.05001465578948051,0.05892794883109441,0.7474487005543528,0.7453953742355459,0.7474489026728794
shunt,27.0,0.05002572350978184,0.05002416395173247,0.06490135222719673,0.7474465376587871,0.743496127575647,0.7474468709141157
shunt,27.25,0.050042412868318426,0.0500398413601698,0.07498940375700672,0.747442971380723,0.7386032604159348,0.7474435208753655
shunt,27.5,0.050069932352578,0.05006569202315949,0.0920565262812677,0.7474370908591419,0.7252646487767791,0.7474379969571059
shunt,27.75,0.05011531350232001,0.05010832067223694,0.1206155970369294,0.7474273935542101,0.6855042518227712,0.7474288878223376
shunt,28.0,0.05019015931818366,0.050178625453006595,0.1666397191593628,0.7474114000700556,0.5904509848267142,0.7474138646926644
shunt,28.25,0.050313626873524066,0.050294598172097374,0.23523740267054755,0.7473850168131275,0.4824052273737172,0.747389082975427
shunt,28.5,0.05051737371647654,0.050485966665298455,0.3257527960831446,0.7473414790165697,0.4454001236339238,0.7473481902557961
shunt,28.75,0.05085379058169956,0.0508019172830128,0.42838458512540345,0.7472695915270535,0.4558544406064152,0.7472806761116895
shunt,29.0,0.05140978051882692,0.051324009281352265,0.5279140917955564,0.7471507844014066,0.4738567569163398,0.7471691124924512
shunt,29.25,0.05233001412417792,0.05218794412309824,0.6119710787177708,0.7469541435950272,0.48591887230963027,0.7469845019294895
shunt,29.5,0.05385663524855468,0.05362067386077913,0.6756551799916345,0.7466279264180109,0.4928116303552032,0.7466783480036786
shunt,29.75,0.05639801379201231,0.056004541138922004,0.720276041416666,0.7460848700427657,0.4966874952374142,0.7461689495409953
shunt,30.0,0.06064924855001712,0.0599895736912213,0.749927792802398,0.7448480861109933,0.49890177451366213,0.7450578300691872
shunt,30.25,0.06780289775387643,0.06669022034284451,0.7689652782772134,0.7422091682269825,0.5001914069533491,0.7427076064397742
shunt,30.5,0.07990090578318489,0.0780171867833442,0.7809243492900702,0.7356403033079536,0.5009517482091513,0.7367766926589645
shunt,30.75,0.10033307962978004,0.09716301544903819,0.7883354899935016,0.7160652608783623,0.5014058321190556,0.7198227913610102
shunt,31.0,0.13421045415584965,0.12897641401542834,0.7928899294368713,0.6596540124910728,0.5016796931344881,0.6699950121992055
shunt,31.25,0.1876233372231498,0.15554826939908903,0.7956744873441456,0.5487118577781266,0.5018426969611893,0.6142704712672689
shunt,31.5,0.26430724954375534,0.18934061918137693,0.7973716272509601,0.4609963882917443,0.5019420449756571,0.5455940270892456
shunt,31.75,0.36054459901706304,0.23098832717898204,0.7984040347325614,0.4462918411224468,0.4865785570932081,0.5020024805549554
shunt,32.0,0.4638500228185498,0.28016134745943233,0.7990313435159733,0.46248089371116374,0.4538689901912952,0.502039202266489
shunt,32.25,0.5590880210282612,0.33542648817051557,0.7994122390910946,0.47874752725326425,0.44517897083398317,0.5020614993198762
shunt,32.5,0.6362848450621118,0.3943427788900598,0.7996434162579756,0.4887593303714186,0.45018719958351033,0.502075032083102
shunt,32.75,0.6930298953406003,0.4538994309129799,0.7997836883741064,0.49440535839482574,0.4606153990871235,0.5020832434015483
shunt,33.0,0.7319709733371529,0.5111299606517496,0.799868788351668,0.4975939319507485,0.47102836779609014,0.502088225026085
shunt,33.25,0.7574975574311025,0.5636511895420427,0.799920411691661,0.49942599820209926,0.4794199264813552,0.50209124697867
shunt,33.5,0.7737445919754364,0.6099514708901839,0.7999517256244191,0.5004990184600289,0.4856682835631307,0.5020930800491389
shunt,33.75,0.7838953735115676,0.649404232618466,0.7999707195127764,0.5011361933309306,0.4901829678571838,0.5020941919227608
shunt,34.0,0.7901647893045307,0.6820952323935998,0.7999822402666386,0.5015161016095415,0.493415794220435,0.5020948663303432
shunt,34.25,0.7940096553146984,0.7085799570111248,0.7999892280962254,0.5017452402012111,0.49573924885838544,0.5020952753873644
shunt,34.5,0.7963574247304684,0.7296570604431741,0.7999934664803051,0.5018826750873677,0.4974167909147154,0.502095523495986
shunt,34.75,0.7977872520688795,0.7461981471799944,0.7999960372090291,0.5019663750266199,0.49863817006353633,0.5020956739825743
shunt,35.0,0.79865664169822,0.7590398825553963,0.7999975964417464,0.502017267786331,0.4995306750326523,0.5020957652577096
shunt,35.25,0.7991847482822075,0.7689271884404953,0.7999985421667433,0.5020481823504962,0.5001888978131435,0.5020958206190267
shunt,35.5,0.7995053541059556,0.7764916698748674,0.7999991157788875,0.5020669501326268,0.500674681848618,0.5020958541974179
shunt,35.75,0.7996999192599078,0.7822512107218926,0.7999994636925848,0.5020783396837487,0.5010341215256009,0.5020958745637618
shunt,36.0,0.7998179687064233,0.7866205109342865,0.7999996747130357,0.5020852501205803,0.5013024538113541,0.5020958869165812
shunt,36.25,0.7998895839309152,0.7899260268251934,0.7999998027034558,0.5020894423679786,0.5015017090949951,0.5020958944089476
shunt,36.5,0.7999330261383276,0.7924215700507351,0.7999998803335867,0.502091985409382,0.501652139523907,0.5020958989532986
shunt,36.75,0.7999593771477923,0.7943026756221448,0.7999999274186477,0.5020935279577948,0.5017623931687576,0.5020959017095872
shunt,37.0,0.7999753605709459,0.7957189671472084,0.7999999559771831,0.5020944636033173,0.5018453007418797,0.5020959033813609
shunt,37.25,0.7999850552749647,0.796784363624299,0.7999999732988118,0.5020950311166915,0.5019076674472968,0.5020959043953429
shunt,37.5,0.7999909355087206,0.7975852764073578,0.7999999838049102,0.5020953753367208,0.501954551675544,0.5020959050103541
shunt,37.75,0.7999945020870283,0.7981870692920392,0.7999999901771815,0.502095584118844,0.5019897797247896,0.5020959053833772
shunt,38.0,0.7999966653394575,0.7986390826574085,0.7999999940421595,0.5020957107523837,0.5020162399065237,0.5020959056096272
shunt,38.25,0.7999979774232858,0.7989785038434996,0.7999999963863869,0.5020957875597951,0.5020361091116322,0.5020959057468548
shunt,38.5,0.7999987732441609,0.7992333281946868,0.7999999978082327,0.5020958341459508,0.5020510261454176,0.5020959058300875
shunt,38.75,0.7999992559345855,0.7994246129841135,0.799999998670626,0.5020958624019214,0.50206222366894,0.5020959058805707
shunt,39.0,0.7999995487013711,0.7995681867026199,0.7999999991936939,0.5020958795400481,0.5020706282582176,0.5020959059111904
shunt,39.25,0.7999997262734923,0.7996759417481973,0.799999999510951,0.5020958899348527,0.5020769360763203,0.502095905929762
shunt,39.5,0.7999998339764615,0.7997568100544722,0.7999999997033764,0.5020958962396224,0.5020816699851922,0.5020959059410264
shunt,39.75,0.7999998993016266,0.7998174983055639,0.7999999998200886,0.5020959000636591,0.5020852225840223,0.5020959059478585
shunt,40.0,0.7999999389233464,0.7998630413532263,0.7999999998908783,0.5020959023830549,0.5020878886054505,0.5020959059520025
