model,ga_median,target_PI,estimate,pred_PI,at_boundary,n
radial,15.29,1.185,0.12265864365554023,1.185,False,20
radial,16.86,1.15,0.12457171241424937,1.15,False,121
radial,18.43,1.01,0.13359326244388758,1.0100000000000002,False,52
radial,21.29,0.89,0.14383261112858767,0.8899999999999999,False,39
radial,22.86,0.8,0.15317197574107502,0.7999999999999999,False,330
radial,24.43,0.78,0.15548383895003554,0.78,False,179
radial,26.43,0.75,0.15927376053973155,0.75,False,48
radial,29.0,0.73,0.16197749219476137,0.73,False,101
radial,31.0,0.67,0.1709677187716041,0.6699999999999999,False,47
radial,33.0,0.63,0.17779960556873967,0.6299999999999999,False,83
radial,34.86,0.64,0.1760153298075807,0.64,False,76
radial,36.86,0.63,0.17779960556873967,0.6299999999999999,False,87
radial,38.71,0.59,0.18550023327483592,0.59,False,41
distal,15.29,1.185,1.064,0.5321863308039896,True,20
distal,16.86,1.15,1.064,0.5321863308039896,True,121
distal,18.43,1.01,1.064,0.5321863308039896,True,52
distal,21.29,0.89,1.064,0.5321863308039896,True,39
distal,22.86,0.8,1.064,0.5321863308039896,True,330
distal,24.43,0.78,1.064,0.5321863308039896,True,179
distal,26.43,0.75,1.064,0.5321863308039896,True,48
distal,29.0,0.73,1.064,0.5321863308039896,True,101
distal,31.0,0.67,1.064,0.5321863308039896,True,47
distal,33.0,0.63,1.064,0.5321863308039896,True,83
distal,34.86,0.64,1.064,0.5321863308039896,True,76
distal,36.86,0.63,1.064,0.5321863308039896,True,87
distal,38.71,0.59,1.064,0.5321863308039896,True,41
shunt,15.29,1.185,0.05,0.7474520344062184,True,20
shunt,16.86,1.15,0.05,0.7474520344062184,True,121
shunt,18.43,1.01,0.05,0.7474520344062184,True,52
shunt,21.29,0.89,0.05,0.7474520344062184,True,39
shunt,22.86,0.8,0.05,0.7474520344062184,True,330
shunt,24.43,0.78,0.05,0.7474520344062184,True,179
shunt,26.43,0.75,0.05,0.7474520344062184,True,48
shunt,29.0,0.73,0.08714144985425587,0.73,False,101
shunt,31.0,0.67,0.1289738384697255,0.67,False,47
shunt,33.0,0.63,0.14830003688154872,0.63,False,83
shunt,34.86,0.64,0.14362950016781592,0.64,False,76
shunt,36.86,0.63,0.14830003688154872,0.63,False,87
shunt,38.71,0.59,0.16685249356170154,0.59,False,41
