start,success,cost,PI_residual,SD_residual,radial_radius_mm,av_radius_mm,terminal_resistance,terminal_compliance,youngs_modulus_pa,heart_rate
0,True,0.006450842697915396,0.0004349109280068486,-0.003147886468497507,0.21551961545380158,0.5111591281662959,4.062813459680848,4.7568463606354415e-09,645696.2229332187,92.30769247404868
1,False,2.0519748653938157e-05,-2.5031220698079615e-05,0.00017690813856452436,0.2256842580001441,0.5030589029433875,0.41193785598504573,4.9201722165682275e-08,1107275.1061567771,72.48101483019859
2,True,3.153433209993293e-05,-3.088155067071385e-05,0.00021949662009568272,0.26631148306444813,0.09487540174702658,0.42183570874104653,4.9201722169393795e-08,955508.5543127132,78.9473675267545
3,False,0.0008303519163197406,0.0002718090598262668,-0.0009108852640935527,0.2578236618279334,0.23324139820064324,4.822703960141977,4.857692184082553e-08,3999649.3782102354,84.21741065004306
4,False,0.0015546957058540814,0.000213974770538361,-0.0015447930116021524,0.23092881616473263,0.2525451973692093,1.5336136761662853,1.8827397828261213e-08,956394.4658275091,94.420080981215
5,True,3.2718871696930006e-11,-2.9711151317002304e-08,2.257192868171387e-07,0.26572398662626945,0.2431583100901155,0.5290871681839765,2.0000017781467744e-09,2021292.4054560899,59.97458350937642
6,False,0.00040941004696446213,-0.00011036009720605255,0.0007920378305599218,0.24337989239538058,0.11311940316654412,0.4399644456023067,7.814566122240987e-09,664063.9996870589,84.22923001546285
7,True,1.4433838151163982e-20,-1.5805690090076041e-12,-1.8700596626786137e-12,0.2852868426286529,0.1627293004033571,0.6323127694632735,3.5423984461596597e-09,982947.7743203721,89.38124120783331
8,True,0.026084306366927573,0.0008633933647727576,-0.006343714884786911,0.21056099004179357,0.3917249284929015,13.272082942998017,3.421650228191367e-08,917849.1529778024,72.2891576216413
9,False,0.0014314335143651425,0.00020445089062665067,-0.0014833673940581882,0.22254762114850057,0.22988611247674365,5.034730232983353,1.2791452030415958e-08,1438046.1294022033,62.250145128825906
10,False,0.00035220557603322456,0.0001030931418292691,-0.0007337003978666878,0.22346641946391144,0.5998582597185639,0.9513869222280981,1.31120154297588e-08,941739.170323892,95.23809695248407
11,False,0.004133383358685602,0.0003775214543334515,-0.002481408472883029,0.2586993416855362,0.21143987492533034,2.14245013238236,1.0728707904027985e-08,943208.575227992,96.02804322738467
12,False,0.0006818179160123743,0.00014616472388451207,-0.0010173470942840268,0.22926467398898412,0.23037072472672088,3.642767213126993,9.198663784399105e-09,1299005.7501435655,65.875559228037
13,False,4.273266997763737e-05,-3.6445840106091865e-05,0.00025488058500089394,0.25759304737129424,0.19556558765008386,7.53185727926375,3.734229230319105e-09,2258223.395324082,56.66976818154282
14,False,1.9280816944352444e-08,-1.9771797771239719e-07,5.861197736933832e-06,0.21381147117883656,0.266199949198663,1.721035692002157,2.7252908117369472e-09,680254.639958509,60.232579822052
15,False,0.000610591765320658,0.0001356960934806306,-0.0009660974637706321,0.2412658000796913,0.3088046796613884,1.5581961492854428,1.9851947089720143e-08,2344991.3190810434,100.00000769077832
16,False,0.00012672342804688114,5.897676725580281e-05,-0.00044361902439016276,0.2329111618270787,0.48474455808591527,1.0883695449340693,2.1385580850807325e-08,1624476.487423932,55.28337323754875
17,True,0.001010734291563737,-0.0001762535838621404,0.0012408601018634169,0.27744725892100675,0.16571324101145912,0.759679105834861,3.219374848471272e-08,737235.3545668051,61.855669946036905
18,False,0.0016592869891616634,0.0002227454632879322,-0.0015937931822394003,0.23957108675717864,0.5516472607784685,1.6380479202548757,2.989311337856393e-08,2308218.0050309887,68.18181948178079
19,False,0.0005412095389074386,0.00015677503741778898,-0.0008677392804392614,0.26592463688800294,0.24429139385973206,2.369557905013339,2.4216414668168523e-09,2905731.9518007827,97.59139564929141
