ga_c,ga2,GA_weeks,pred_logPI,pred_PI
-12.11035016286645,146.66058106723943,14.0,0.3479334516702638,1.416138004985235
-11.86035016286645,140.66790598580621,14.25,0.3299881092306262,1.3909515888808928
-11.61035016286645,134.800230904373,14.5,0.31224594575665465,1.3664907343014328
-11.36035016286645,129.05755582293978,14.75,0.29470696124834905,1.3427328282774638
-11.11035016286645,123.43988074150654,15.0,0.2773711557057095,1.3196560780335003
-10.86035016286645,117.94720566007332,15.25,0.260238529128736,1.2972394791674706
-10.61035016286645,112.57953057864009,15.5,0.24330908151742855,1.2754627851744385
-10.36035016286645,107.33685549720687,15.75,0.22658281287178714,1.2543064782545887
-10.11035016286645,102.21918041577365,16.0,0.21005972319181174,1.233751741348374
-9.86035016286645,97.22650533434042,16.25,0.19373981247750235,1.2137804313444032
-9.61035016286645,92.3588302529072,16.5,0.17762308072885902,1.1943750534082214
-9.36035016286645,87.61615517147396,16.75,0.16170952794588167,1.1755187363825688
-9.11035016286645,82.99848009004074,17.0,0.14599915412857045,1.1571952092120164
-8.86035016286645,78.50580500860752,17.25,0.1304919592769252,1.1393887783470866
-8.61035016286645,74.13812992717429,17.5,0.11518794339094596,1.1220843060850587
-8.36035016286645,69.89545484574107,17.75,0.10008710647063276,1.1052671898066517
-8.11035016286645,65.77777976430785,18.0,0.0851894485159856,1.0889233420696773
-7.86035016286645,61.78510468287462,18.25,0.07049496952700446,1.0730391715225605
-7.61035016286645,57.9174296014414,18.5,0.056003669503689346,1.057601564602334
-7.36035016286645,54.17475452000817,18.75,0.041715548446040265,1.0425978679833634
-7.11035016286645,50.557079438574945,19.0,0.027630606354057244,1.0280158717445984
-6.86035016286645,47.06440435714172,19.25,0.013748843227740226,1.0138437932246398
-6.61035016286645,43.6967292757085,19.5,7.025906708924001e-05,1.0000702615353152
-6.36035016286645,40.45405419427527,19.75,-0.013405146127895715,0.986684302705803
-6.11035016286645,37.336379112842046,20.0,-0.02667737235721465,0.9736753254306192
-5.86035016286645,34.34370403140882,20.25,-0.03974641962086753,0.961033107396007
-5.61035016286645,31.476028949975596,20.5,-0.052612287918854396,0.9487477821604213
-5.36035016286645,28.733353868542373,20.75,-0.06527497725117523,0.9368098265659126
-5.11035016286645,26.115678787109147,21.0,-0.07773448761783004,0.9252100486582667
-4.86035016286645,23.623003705675924,21.25,-0.08999081901881882,0.913939576094759
-4.61035016286645,21.255328624242697,21.5,-0.10204397145414154,0.9029898450193431
-4.36035016286645,19.012653542809474,21.75,-0.11389394492379826,0.892352589386004
-4.11035016286645,16.894978461376247,22.0,-0.12554073942778896,0.8820198307118766
-3.8603501628664496,14.902303379943024,22.25,-0.1369843549661136,0.8719838682425606
-3.6103501628664496,13.0346282985098,22.5,-0.14822479153877222,0.8622372695128551
-3.3603501628664496,11.291953217076575,22.75,-0.1592620491457648,0.8527728612868904
-3.1103501628664496,9.67427813564335,23.0,-0.17009612778709138,0.8435837208623566
-2.8603501628664496,8.181603054210125,23.25,-0.18072702746275193,0.8346631677242119
-2.6103501628664496,6.8139279727769,23.5,-0.19115474817274644,0.8260047555339183
-2.3603501628664496,5.571252891343676,23.75,-0.20137928991707493,0.8176022644408685
-2.1103501628664496,4.453577809910451,24.0,-0.21140065269573738,0.8094496937032752
-1.8603501628664496,3.4609027284772256,24.25,-0.2212188365087338,0.801541254606359
-1.6103501628664496,2.5932276470440008,24.5,-0.23083384135606416,0.7938713636662198
-1.3603501628664496,1.850552565610776,24.75,-0.24024566723772853,0.7864346361082976
-1.1103501628664496,1.2328774841775512,25.0,-0.24945431415372682,0.779225879609827
-0.8603501628664496,0.7402024027443264,25.25,-0.2584597821040591,0.7722400882961646
-0.6103501628664496,0.37252732131110156,25.5,-0.2672620710887254,0.7654724369813244
-0.3603501628664496,0.12985223987787675,25.75,-0.2758611811077256,0.7589182756434939
-0.11035016286644961,0.012177158444651955,26.0,-0.28425711216105987,0.7525731241267153
0.1396498371335504,0.01950207701142715,26.25,-0.29244986424872804,0.7464326670603202
0.3896498371335504,0.15182699557820234,26.5,-0.3004394373707302,0.7404927489880826
0.6396498371335504,0.40915191414497754,26.75,-0.3082258315270663,0.7347493696994237
0.8896498371335504,0.7914768327117527,27.0,-0.3158090467177364,0.7291986797553489
1.1396498371335504,1.298801751278528,27.25,-0.32318908294274046,0.7238369762021353
1.3896498371335504,1.9311266698453031,27.5,-0.3303659402020785,0.7186606984661047
1.6396498371335504,2.6884515884120783,27.75,-0.33733961849575045,0.7136664244231297
1.8896498371335504,3.5707765069788535,28.0,-0.34411011782375645,0.7088508666368113
2.1396498371335504,4.578101425545629,28.25,-0.35067743818609637,0.7042108687595517
2.3896498371335504,5.710426344112404,28.5,-0.3570415795827703,0.6997434020910176
2.6396498371335504,6.9677512626791795,28.75,-0.36320254201377816,0.6954455622887483
2.8896498371335504,8.350076181245955,29.0,-0.36916032547912003,0.6913145662259165
3.1396498371335504,9.85740109981273,29.25,-0.37491492997879583,0.6873477489914877
3.3896498371335504,11.489726018379505,29.5,-0.3804663555128056,0.6835425610282576
3.6396498371335504,13.24705093694628,29.75,-0.38581460208114937,0.6798965654044684
3.8896498371335504,15.129375855513056,30.0,-0.39095966968382706,0.6764074352149205
4.13964983713355,17.13670077407983,30.25,-0.39590155832083884,0.6730729511077028
4.38964983713355,19.269025692646604,30.5,-0.40064026799218444,0.6698909989328636
4.63964983713355,21.52635061121338,30.75,-0.40517579869786413,0.6668595675095359
4.88964983713355,23.908675529780155,31.0,-0.4095081504378777,0.663976746508218
5.13964983713355,26.41600044834693,31.25,-0.4136373232122253,0.6612407244450886
5.38964983713355,29.048325366913705,31.5,-0.4175633170209069,0.6586497867854093
5.63964983713355,31.805650285480482,31.75,-0.4212861318639224,0.6562023141532348
5.88964983713355,34.687975204047255,32.0,-0.4248057677412719,0.6538967806448148
6.13964983713355,37.69530012261403,32.25,-0.4281222246529553,0.6517317522432291
6.38964983713355,40.82762504118081,32.5,-0.43123550259897275,0.6497058853319484
6.63964983713355,44.08494995974758,32.75,-0.43414560157932414,0.6478179253051667
6.88964983713355,47.467274878314356,33.0,-0.43685252159400956,0.6460667052728902
7.13964983713355,50.97459979688113,33.25,-0.43935626264302885,0.6444511448589145
7.38964983713355,54.60692471544791,33.5,-0.4416568247263822,0.6429702490899535
7.63964983713355,58.36424963401468,33.75,-0.44375420784406944,0.6416231073743243
7.88964983713355,62.24657455258146,34.0,-0.4456484119960906,0.6404088925687174
8.13964983713355,66.25389947114823,34.25,-0.4473394371824459,0.6393268601317147
8.38964983713355,70.38622438971501,34.5,-0.44882728340313516,0.6383763473628428
8.63964983713355,74.64354930828178,34.75,-0.4501119506581583,0.6375567727260707
8.88964983713355,79.02587422684856,35.0,-0.45119343894751535,0.6368676352567875
9.13964983713355,83.53319914541534,35.25,-0.4520717482712065,0.6363085140514116
9.38964983713355,88.1655240639821,35.5,-0.4527468786292316,0.6358790678389051
9.63964983713355,92.92284898254889,35.75,-0.45321883002159064,0.6355790346335801
9.88964983713355,97.80517390111567,36.0,-0.45348760244828357,0.6354082314687053
10.13964983713355,102.81249881968243,36.25,-0.45355319590931054,0.635366554210531
10.38964983713355,107.94482373824921,36.5,-0.45341561040467154,0.6354539774524703
10.63964983713355,113.20214865681598,36.75,-0.45307484593436653,0.635670554489284
10.88964983713355,118.58447357538276,37.0,-0.45253090249839534,0.6360164173712332
11.13964983713355,124.09179849394954,37.25,-0.4517837800967582,0.6364917770382764
11.38964983713355,129.72412341251632,37.5,-0.45083347872945506,0.6370969235345035
11.63964983713355,135.48144833108307,37.75,-0.449679998396486,0.6378322263031091
11.88964983713355,141.36377324964985,38.0,-0.44832333909785066,0.6386981345623278
12.13964983713355,147.37109816821663,38.25,-0.4467635008335493,0.6396951777628653
12.38964983713355,153.5034230867834,38.5,-0.445000483603582,0.6408239661274784
12.63964983713355,159.7607480053502,38.75,-0.44303428740794876,0.6420851912734737
12.88964983713355,166.14307292391698,39.0,-0.4408649122466494,0.6434796269190143
13.13964983713355,172.65039784248373,39.25,-0.43849235811968407,0.6450081296742423
13.38964983713355,179.2827227610505,39.5,-0.4359166250270526,0.646671639918354
13.63964983713355,186.0400476796173,39.75,-0.4331377129687552,0.64847118276388
13.88964983713355,192.92237259818407,40.0,-0.4301556219447918,0.6504078691095587
