axis,value,PI,SD,RI,notch,notch_ratio
radial_radius,0.1,1.8794370307269759,5.002119175062039,0.8000847310904787,True,0.14293816504000853
radial_radius,0.10250000000000001,1.7606625593086693,4.59157126261212,0.7822096309072407,True,0.1209561953955811
radial_radius,0.10500000000000001,1.6601608157807142,4.260922964458101,0.7653090637072386,True,0.10411747543016227
radial_radius,0.10750000000000001,1.569753954204854,3.9813616100615747,0.7488296472561471,True,0.0887493293162691
radial_radius,0.11,1.4880807488654717,3.742122778365106,0.732771996209892,True,0.07507860024678131
radial_radius,0.1125,1.41399014249559,3.535217643360498,0.7171319842561595,True,0.06208233714275967
radial_radius,0.115,1.3473582318761828,3.3560916237571647,0.7020343565946826,True,0.04969701829238266
radial_radius,0.11750000000000001,1.2898082065296663,3.2041843623487076,0.6879080955045336,True,0.03827307349679478
radial_radius,0.12000000000000001,1.2367836238759822,3.0690785088619874,0.6741692996407579,True,0.02889198806491801
radial_radius,0.1225,1.1877443433470976,2.948100682829642,0.6607985589419622,True,0.020213448522515182
radial_radius,0.125,1.1422293533053924,2.8391152815210847,0.6477775994132088,True,0.012918499906005415
radial_radius,0.1275,1.099844528845669,2.74039890113096,0.6350896215922065,True,0.007014411167840414
radial_radius,0.13,1.0602523702707778,2.6505478349247182,0.6227195046912246,True,0.002600767476338623
radial_radius,0.1325,1.024343759490886,2.570218351231532,0.6109279978018812,True,6.16120501874138e-05
radial_radius,0.135,0.9918368956970045,2.4983268744407074,0.5997321206321864,True,0.0060142967216859165
radial_radius,0.1375,0.9610720149024075,2.4318564227543433,0.5887915130830831,True,0.0052698926051629735
radial_radius,0.14,0.9318976468619717,2.370212744061272,0.578096944037801,True,0.004578293168613282
radial_radius,0.14250000000000002,0.9041834606739863,2.312893335752207,0.5676411079827092,True,0.003936296962623878
radial_radius,0.14500000000000002,0.8778169362140157,2.2594701843797673,0.5574183687338616,True,0.0033407826134637273
radial_radius,0.14750000000000002,0.8527005353761367,2.209576101158235,0.5474245039689688,True,0.002788731403443644
radial_radius,0.15000000000000002,0.8287493012117884,2.1628938419763593,0.5376564579395894,True,0.002277243883668463
radial_radius,0.1525,0.8058888241955852,2.119147400715702,0.5281121078872243,True,0.0018035514491121063
radial_radius,0.155,0.7840535238225907,2.0780950103833233,0.5187900480952788,True,0.001442188567038398
radial_radius,0.1575,0.7635113816503993,2.0399677799140794,0.5097961792111645,True,0.0012508472788649826
radial_radius,0.16,0.7444996432242165,2.0049550415033734,0.5012356989061605,True,0.0010733694299890802
radial_radius,0.1625,0.7262424004151388,1.9718915408315576,0.4928727167325367,True,0.0009099377027315213
radial_radius,0.165,0.7087096486353559,1.940647810146776,0.4847081501489095,True,0.0007594527213570744
radial_radius,0.1675,0.6919819942897715,1.9113790535951662,0.4768175375161342,True,0.000620799387231608
radial_radius,0.17,0.67597620241374,1.8838190747647474,0.46916345980577745,True,0.0004931328556983978
radial_radius,0.1725,0.6605988596957844,1.8576964744589965,0.46169892996582085,True,0.000375645730073146
radial_radius,0.175,0.6458286367389946,1.8329292695122226,0.4544252107086931,True,0.0002675241146911556
radial_radius,0.1775,0.6316449885291455,1.8094410486872503,0.44734314459954355,True,0.0001680188706875802
radial_radius,0.18,0.6180280129993474,1.787160395633759,0.440453133113784,True,7.644087714348044e-05
radial_radius,0.1825,0.6049583478267709,1.7660204077168244,0.4337551278397533,False,
radial_radius,0.185,0.5924170977224604,1.745958291406981,0.427248631928,False,
radial_radius,0.1875,0.5803857856823563,1.7269150188505475,0.42093271001510524,False,
radial_radius,0.19,0.5688463227344396,1.7088350333963365,0.41480600499365683,False,
radial_radius,0.1925,0.5577809916523996,1.6916659943878842,0.4088667601538908,False,
radial_radius,0.195,0.5471724409199934,1.6753585535576128,0.4031128453807654,False,
radial_radius,0.1975,0.537003685932247,1.6598661569772095,0.3975417862479316,False,
radial_radius,0.2,0.5272581150200348,1.645144867805882,0.3921507950034255,False,
radial_radius,0.2025,0.5179194983934883,1.6311532060989866,0.3869368025879263,False,
radial_radius,0.20500000000000002,0.5089719985272164,1.6178520027463412,0.38189649096303196,False,
radial_radius,0.20750000000000002,0.500400180865925,1.6052042652446536,0.37702632515271367,False,
radial_radius,0.21000000000000002,0.4921890240219513,1.593175053506643,0.372322584515142,False,
radial_radius,0.21250000000000002,0.4843239288747835,1.581731364298417,0.3677813928640444,False,
radial_radius,0.21500000000000002,0.4767907261746827,1.5708420231992155,0.3633987471487582,False,
radial_radius,0.21750000000000003,0.46957568240497805,1.560477583211793,0.35917054448049907,False,
radial_radius,0.22,0.46266550377682697,1.5506102293322235,0.3550926073597141,False,
radial_radius,0.2225,0.4560473383216698,1.5412136885263108,0.3511607070164375,False,
radial_radius,0.225,0.4497087761151717,1.532263144665481,0.3473705848231983,False,
radial_radius,0.2275,0.4436378477162788,1.523735158055326,0.3437179717791282,False,
radial_radius,0.23,0.4378230209397251,1.5156075892507253,0.3401986060954125,False,
radial_radius,0.2325,0.43225319610298935,1.5078595268973174,0.33680824893703887,False,
radial_radius,0.23500000000000001,0.4269176999018024,1.5004712193735017,0.333542698394752,False,
radial_radius,0.23750000000000002,0.42182131379316473,1.4934415986399576,0.3304056878349467,False,
radial_radius,0.24000000000000002,0.41698130724546184,1.4867845858735615,0.327407608673553,False,
radial_radius,0.24250000000000002,0.41234116360394024,1.480428402985503,0.3245198498060751,False,
radial_radius,0.245,0.4078922657253691,1.474357877296313,0.321738625744106,False,
radial_radius,0.2475,0.40362633577937646,1.4685586489218128,0.31906022225657754,False,
radial_radius,0.25,0.3995354283157208,1.4630171275475052,0.31648100273690793,False,
radial_radius,0.2525,0.3956119225343024,1.4577204512103383,0.31399741344802784,False,
radial_radius,0.255,0.39184851391286096,1.4526564470405325,0.3116059877493541,False,
radial_radius,0.2575,0.3882382053309287,1.447813593910986,0.3093033494051572,False,
radial_radius,0.26,0.38477429781308053,1.4431809869374594,0.30708621506850875,False,
radial_radius,0.2625,0.38145038100002016,1.438748303769311,0.3049513960293501,False,
radial_radius,0.265,0.3782603234425627,1.4345057726079358,0.3028957993093349,False,
radial_radius,0.2675,0.37519826280121,1.4304441418882226,0.3009164281801493,False,
radial_radius,0.27,0.3722585960227102,1.42655465155718,0.2990103821760821,False,
radial_radius,0.2725,0.3694359695547569,1.4228290058833584,0.2971748566658201,False,
radial_radius,0.275,0.3667252696507455,1.4192593477306927,0.2954071420428285,False,
radial_radius,0.27749999999999997,0.3641216128082305,1.4158382342308737,0.29370462258830693,False,
radial_radius,0.28,0.3616203363773554,1.412558613789222,0.2920647750556161,False,
radial_radius,0.2825,0.3592169893689826,1.4094138043602666,0.29048516702027033,False,
radial_radius,0.28500000000000003,0.35690732348646537,1.4063974729306767,0.2889634550350963,False,
radial_radius,0.2875,0.3546872843999521,1.4035036161489436,0.2874973826259973,False,
radial_radius,0.29000000000000004,0.35255300327765215,1.400726542043037,0.2860847781598792,False,
radial_radius,0.2925,0.3505007885846689,1.3980608527693044,0.2847235526127623,False,
radial_radius,0.29500000000000004,0.348527118156639,1.3955014283379474,0.2834116972628202,False,
radial_radius,0.2975,0.3466286315525827,1.3930434112625967,0.2821472813301335,False,
radial_radius,0.30000000000000004,0.3448021226888939,1.3906821920836763,0.28092844958222435,False,
radial_radius,0.3025,0.3430445327543287,1.3884133957174585,0.2797534199219873,False,
radial_radius,0.30500000000000005,0.3413529434041031,1.386232868584912,0.2786204809724245,False,
radial_radius,0.3075,0.33972457022974367,1.3841366664766086,0.27752798967059256,False,
radial_radius,0.31,0.33815675650012816,1.3821210431120887,0.27647436888137955,False,
radial_radius,0.3125,0.3366469671681625,1.380182439354155,0.27545810504012663,False,
radial_radius,0.315,0.3351927831367636,1.378317473040617,0.27447774583168794,False,
radial_radius,0.3175,0.3337918957771825,1.3765229293979433,0.27353189791224547,False,
radial_radius,0.32,0.33244210169222904,1.3747957520031864,0.27261922467906907,False,
radial_radius,0.3225,0.3311412977166191,1.3731330342623653,0.2717384440924247,False,
radial_radius,0.325,0.32988747614641173,1.3715320113752372,0.2708883265529483,False,
radial_radius,0.3275,0.32867872018936173,1.369990052758064,0.27006769283703924,False,
radial_radius,0.33,0.32751319962794406,1.3685046548975783,0.26927541209215544,False,
radial_radius,0.3325,0.32638916668679424,1.3670734346108764,0.26851039989330205,False,
radial_radius,0.335,0.3253049520963648,1.36569412268741,0.2677716163615011,False,
radial_radius,0.3375,0.32425896134469573,1.3643645578906363,0.2670580643445905,False,
radial_radius,0.33999999999999997,0.32324967110932745,1.3630826812981833,0.26636878766032573,False,
radial_radius,0.3425,0.32227562586155084,1.3618465309606265,0.2657028694014334,False,
radial_radius,0.345,0.3213354346353761,1.3606542368601455,0.26505943030199475,False,
radial_radius,0.34750000000000003,0.320427767953816,1.3595040161514396,0.26443762716431235,False,
radial_radius,0.35,0.3195513549052947,1.3583941686683176,0.2638366513452161,False,
radial_radius,0.35250000000000004,0.3187049803632288,1.357323072680378,0.2632557273006147,False,
radial_radius,0.355,0.31788748234207354,1.3562891808851143,0.2626941111869668,False,
radial_radius,0.35750000000000004,0.31709774948336034,1.355291016621666,0.2621510895182498,False,
radial_radius,0.36,0.316334718665506,1.3543271702932522,0.26162597787691866,False,
radial_radius,0.36250000000000004,0.3155973727314264,1.353396295986122,0.2611181196773025,False,
radial_radius,0.365,0.314884738328214,1.3524971082735635,0.26062688497982767,False,
radial_radius,0.36750000000000005,0.31419588385339825,1.3516283791942165,0.2601516693544437,False,
radial_radius,0.37,0.31352991750254133,1.3507889353945872,0.2596918927916123,False,
radial_radius,0.37250000000000005,0.3128859854131422,1.3499776554262484,0.25924699865920725,False,
radial_radius,0.375,0.31226326990006925,1.34919346718881,0.2588164527036973,False,
radial_radius,0.37750000000000006,0.3116609877779416,1.3484353455102578,0.2583997420939802,False,
radial_radius,0.38,0.31107838876610755,1.3477023098567749,0.25799637450627094,False,
radial_radius,0.38250000000000006,0.31051475397206135,1.3469934221646316,0.25760587724846473,False,
radial_radius,0.385,0.30996939444935645,1.346307784787174,0.2572277964224346,False,
radial_radius,0.38750000000000007,0.3094416498262458,1.3456445385503633,0.2568616961227513,False,
radial_radius,0.39,0.3089308870014729,1.3450028609106952,0.2565071576703527,False,
radial_radius,0.39249999999999996,0.3084364989038154,1.3443819642097183,0.2561637788797322,False,
radial_radius,0.395,0.30795790331214973,1.3437810940197021,0.25583117335825656,False,
radial_radius,0.39749999999999996,0.3074945417329629,1.343199527575327,0.25550896983626303,False,
radial_radius,0.4,0.30704587833240055,1.3426365722865836,0.2551968115266328,False,
radial_radius,0.40249999999999997,0.3066113989200819,1.3420915643283495,0.2548943555125834,False,
radial_radius,0.405,0.30619060998205044,1.3415638673023695,0.2546012721624574,False,
radial_radius,0.4075,0.3057830377603786,1.3410528709676415,0.2543172445703453,False,
radial_radius,0.41000000000000003,0.30538822737704424,1.3405579900354117,0.2540419680214025,False,
radial_radius,0.4125,0.30500574199985353,1.3400786630252433,0.25377514948078617,False,
radial_radius,0.41500000000000004,0.30463516204827107,1.3396143511787977,0.2535165071051627,False,
radial_radius,0.4175,0.3042760844371422,1.3391645374281809,0.25326576977578463,False,
radial_radius,0.42000000000000004,0.30392812185639295,1.3387287254158842,0.2530226766521769,False,
radial_radius,0.4225,0.3035909020849012,1.3383064385635313,0.2527869767455142,False,
radial_radius,0.42500000000000004,0.3032640673368033,1.3378972191867793,0.25255842851079774,False,
radial_radius,0.4275,0.3029472736386233,1.3375006276539112,0.25233679945699594,False,
radial_radius,0.43000000000000005,0.30264019023566807,1.3371162415857687,0.2521218657743337,False,
radial_radius,0.4325,0.3023424990262231,1.3367436550948164,0.2519134119779539,False,
radial_radius,0.43500000000000005,0.30205389402216626,1.3363824780612679,0.25171123056721645,False,
radial_radius,0.4375,0.30177408083467555,1.336032335444302,0.25151512169992,False,
radial_radius,0.44000000000000006,0.3015027761837866,1.335692866626526,0.25132489288077425,False,
radial_radius,0.4425,0.3012397074306155,1.3353637247899355,0.2511403586634729,False,
radial_radius,0.44500000000000006,0.30098461213112354,1.3350445763217265,0.2509613403657509,False,
radial_radius,0.4475,0.30073723761036153,1.3347351002484023,0.25078766579683565,False,
radial_radius,0.45000000000000007,0.30049734055618427,1.3344349876967094,0.2506191689967288,False,
radial_radius,0.4525,0.3002646866314791,1.3341439413800167,0.25045568998678186,False,
radial_radius,0.45499999999999996,0.30003905010399995,1.3338616751088253,0.25029707453105027,False,
radial_radius,0.4575,0.2998202134929493,1.3335879133241755,0.2501431739079396,False,
radial_radius,0.45999999999999996,0.29960796723149075,1.3333223906527856,0.24999384469167518,False,
radial_radius,0.4625,0.29940210934441647,1.3330648514828065,0.24984894854314765,False,
radial_radius,0.46499999999999997,0.299202445140241,1.3328150495591664,0.2497083520097153,False,
radial_radius,0.4675,0.2990087869170169,1.3325727475975002,0.2495719263335505,False,
radial_radius,0.47,0.29882095368121986,1.332337716915743,0.24943954726814965,False,
radial_radius,0.47250000000000003,0.29863877087907087,1.3321097370825021,0.24931109490263667,False,
radial_radius,0.475,0.2984620701396993,1.3318885955813655,0.24918645349350496,False,
radial_radius,0.47750000000000004,0.2982906890295896,1.3316740874903712,0.24906551130347,False,
radial_radius,0.48,0.29812447081776555,1.3314660151758706,0.2489481604471053,False,
radial_radius,0.48250000000000004,0.29796326425121106,1.331264188000096,0.24883429674296328,False,
radial_radius,0.485,0.29780692334003883,1.3310684220417488,0.24872381957188736,False,
radial_radius,0.48750000000000004,0.2976553071519513,1.3308785398289789,0.24861663174123885,False,
radial_radius,0.49,0.2975082796155585,1.3306943700841574,0.24851263935477777,False,
radial_radius,0.49250000000000005,0.2973657093321314,1.330515747479859,0.24841175168793875,False,
radial_radius,0.495,0.2972274693954104,1.3303425124055344,0.2483138810682723,False,
radial_radius,0.49750000000000005,0.2970934372190808,1.3301745107443406,0.24821894276081202,False,
radial_radius,0.5,0.2969634943715736,1.330011593659659,0.24812685485815908,False,
uterine_radius,1.0,1.4588472920456657,4.090122340637151,0.7555085357558713,False,
uterine_radius,1.0125,1.4213506775807048,3.92349284847149,0.7451250611073297,False,
uterine_radius,1.025,1.3860326167895385,3.775530802628311,0.7351365801852666,False,
uterine_radius,1.0375,1.3527145437522627,3.6432551981226595,0.7255201885074392,False,
uterine_radius,1.05,1.3212356897937425,3.5242852339611463,0.7162545215229238,False,
uterine_radius,1.0625,1.2914509724012937,3.4166964762248075,0.707319626733445,False,
uterine_radius,1.075,1.2632291798959594,3.3189165250988792,0.6986968510844944,False,
uterine_radius,1.0875,1.2364514037981444,3.2296480775561474,0.690368741117858,False,
uterine_radius,1.1,1.2110096796606273,3.1478113413059403,0.6823189538464757,False,
uterine_radius,1.1125,1.1868058041808929,3.0725003468411467,0.6745321766918253,False,
uterine_radius,1.125,1.163750302045758,3.002949392967508,0.6669940551306452,False,
uterine_radius,1.1375,1.1417615205065321,2.938506983450912,0.6596911269458261,False,
uterine_radius,1.15,1.1207648333639335,2.878615371812344,0.6526107621768131,False,
uterine_radius,1.1625,1.1006919390379197,2.8227943536735625,0.6457411080270131,False,
uterine_radius,1.175,1.0814802398475056,2.770628310851179,0.639071038116699,False,
uterine_radius,1.1875,1.0630722916382698,2.721755769716228,0.632590105575762,False,
uterine_radius,1.2,1.0454153145559386,2.675860921625787,0.6262884995560888,False,
uterine_radius,1.2125,1.0284607571406372,2.632666687734738,0.6201570048123168,False,
uterine_radius,1.225,1.012163907061579,2.5919290092196445,0.6141869640553653,False,
uterine_radius,1.2375,0.9964835427687362,2.553432117164049,0.6083702428280557,False,
uterine_radius,1.25,0.9813816211405201,2.5169845911832303,0.6026991966884065,False,
uterine_radius,1.2625,0.9668229968822019,2.4824160572990484,0.5971666405155172,False,
uterine_radius,1.275,0.9527751700007554,2.4495744071529857,0.5917658197767307,False,
uterine_radius,1.2875,0.9392080581660822,2.418323444905557,0.586490383614069,False,
uterine_radius,1.3,0.9260937911807081,2.3885408869503566,0.5813343596237195,False,
uterine_radius,1.3125,0.913406525132017,2.3601166542129923,0.5762921302152917,False,
uterine_radius,1.325,0.9011222741026312,2.3329514082984963,0.5713584104482762,False,
uterine_radius,1.3375,0.8892187575737708,2.306955291830556,0.5665282272520741,False,
uterine_radius,1.35,0.8776752618798714,2.2820468405427636,0.5617968999434915,False,
uterine_radius,1.3625,0.8664725142660995,2.2581520404517255,0.5571600219620474,False,
uterine_radius,1.375,0.8555925682679241,2.2352035080797013,0.5526134437489695,False,
uterine_radius,1.3875,0.8450186992778049,2.2131397754426216,0.5481532567006515,False,
uterine_radius,1.4,0.8347353092911504,2.1919046645633555,0.5437757781316608,False,
uterine_radius,1.4125,0.8247278399348741,2.1714467387543914,0.5394775371862767,False,
uterine_radius,1.425,0.8149826929793458,2.151718819950896,0.5352552616411,False,
uterine_radius,1.4375,0.8054871576201449,2.132677563052307,0.5311058655445359,False,
uterine_radius,1.45,0.7962293438913802,2.1142830796175915,0.5270264376419883,False,
uterine_radius,1.4625,0.7871981216389499,2.0964986044110105,0.5230142305384746,False,
uterine_radius,1.475,0.7783830645408706,2.0792901992550448,0.5190666505530235,False,
uterine_radius,1.4875,0.7697743987140013,2.0626264894503774,0.5151812482217916,False,
uterine_radius,1.5,0.7613629554927376,2.0464784286971076,0.5113557094092358,False,
uterine_radius,1.5125000000000002,0.753140128006417,2.0308190890195865,0.5075878469889864,False,
uterine_radius,1.525,0.7450978312188372,2.015623472677557,0.5038755930582616,False,
uterine_radius,1.5375,0.7372284651259885,2.0008683434535968,0.500216991651759,False,
uterine_radius,1.55,0.72952488083735,1.986532075053367,0.49661019192295924,False,
uterine_radius,1.5625,0.7219803492922148,1.9725945146507087,0.49305344176267674,False,
uterine_radius,1.5750000000000002,0.7145885323859791,1.9590368598626224,0.4895450818265231,False,
uterine_radius,1.5875,0.7073434563023253,1.9458415476560362,0.4860835399446571,False,
uterine_radius,1.6,0.7002394868661247,1.9329921538749706,0.4826673258888552,False,
uterine_radius,1.6125,0.6932713067488756,1.920473302237596,0.4792950264734882,False,
uterine_radius,1.625,0.6864338943737568,1.9082705817918009,0.47596530096846423,False,
uterine_radius,1.6375000000000002,0.6797225043811924,1.896370471938451,0.4726768768036079,False,
uterine_radius,1.65,0.67313264952822,1.8847602742361562,0.46942854554525576,False,
uterine_radius,1.6625,0.6666600839062131,1.8734280502925065,0.46621915912710626,False,
uterine_radius,1.675,0.6603007873716304,1.8623625651261586,0.46304762631853114,False,
uterine_radius,1.6875,0.6540509510936708,1.8515532354536173,0.4599129094146692,False,
uterine_radius,1.7000000000000002,0.6479069641309908,1.8409900824153151,0.4568140211336529,False,
uterine_radius,1.7125,0.6418654009572364,1.8306636883090073,0.453750021707316,False,
uterine_radius,1.725,0.635923009861894,1.8205651569452606,0.4507200161526176,False,
uterine_radius,1.7375,0.6300767021592507,1.8106860772812223,0.4477231517119092,False,
uterine_radius,1.75,0.624323542143821,1.8010184900251218,0.44475861545094336,False,
uterine_radius,1.7625000000000002,0.6186607377357825,1.791554856936237,0.441825632004306,False,
uterine_radius,1.775,0.6130856317645587,1.7822880325733848,0.4389234614586206,False,
uterine_radius,1.7875,0.6075956938429987,1.7732112382703253,0.4360513973645646,False,
uterine_radius,1.8,0.6021885127884234,1.764318038138763,0.43320876486932436,False,
uterine_radius,1.8125,0.5968617895503473,1.75560231691954,0.43039491896168963,False,
uterine_radius,1.8250000000000002,0.5916133306079164,1.7470582595203517,0.427609242822534,False,
uterine_radius,1.8375,0.5864410418030219,1.7386803320940363,0.4248511462738999,False,
uterine_radius,1.85,0.5813429225777456,1.7304632645256324,0.42212006432039023,False,
uterine_radius,1.8625,0.5763368677667801,1.7224268621166412,0.41942382460807154,False,
uterine_radius,1.875,0.5715640177521367,1.7147449425289056,0.41682288998315975,False,
uterine_radius,1.8875000000000002,0.5668580299698811,1.707206169553018,0.41424766508322736,False,
uterine_radius,1.9,0.5622172281738745,1.6998062226366801,0.4116976472477934,False,
uterine_radius,1.9125,0.5576400072379651,1.692540974565055,0.4091723538586843,False,
uterine_radius,1.925,0.5531248292098385,1.6854064802232924,0.4066713212900937,False,
uterine_radius,1.9375,0.5486702196118686,1.6783989661344338,0.40419410391849375,False,
uterine_radius,1.9500000000000002,0.544274763972176,1.6715148207118018,0.40174027318874883,False,
uterine_radius,1.9625,0.5399371045703328,1.6647505851703102,0.39930941673301995,False,
uterine_radius,1.975,0.5356559373833162,1.6581029450459859,0.3969011375392823,False,
uterine_radius,1.9875,0.5314300092183178,1.6515687222772928,0.3945150531664625,False,
uterine_radius,2.0,0.5272581150200348,1.645144867805882,0.3921507950034255,False,
uterine_radius,2.0125,0.5231390953409071,1.6388284546578786,0.3898080075691877,False,
uterine_radius,2.0250000000000004,0.5190718339636242,1.6326166714701373,0.38748634785192976,False,
uterine_radius,2.0375,0.5150552556659622,1.6265068164287935,0.3851854846845158,False,
uterine_radius,2.05,0.5110883241187023,1.62049629159012,0.38290509815437773,False,
uterine_radius,2.0625,0.5071700399080665,1.6145825975561747,0.38064487904576966,False,
uterine_radius,2.075,0.5032994386746437,1.6087633284798706,0.37840452831249854,False,
uterine_radius,2.0875000000000004,0.49947558936139774,1.6030361673761955,0.376183756579384,False,
uterine_radius,2.1,0.4956975925637926,1.597398881718072,0.37398228367077824,False,
uterine_radius,2.1125,0.4919645789756045,1.5918493192971113,0.37179983816461043,True,2.424141690118894e-05
uterine_radius,2.125,0.4882757079243836,1.5863854043309789,0.36963615697048935,True,7.669256653690147e-05
uterine_radius,2.1375,0.4846301659909526,1.5810051338005353,0.3674909849304998,True,0.00012935443065498824
uterine_radius,2.1500000000000004,0.4810271657077124,1.5757065740011933,0.3653640744414114,True,0.00018221987382664978
uterine_radius,2.1625,0.4774659443308576,1.5704878572941021,0.3632551850970905,True,0.00023528202072049635
uterine_radius,2.175,0.47394576268193805,1.5653471790438478,0.3611640833499796,True,0.00028853424847002045
uterine_radius,2.1875,0.4704659040545118,1.5602827947303661,0.35909054219058356,True,0.00034197017912252343
uterine_radius,2.2,0.4670256731818914,1.5552930172236419,0.3570343408439505,True,0.0003955836721692764
uterine_radius,2.2125000000000004,0.46362439526227933,1.5503762142106443,0.35499526448221586,True,0.0004493688171717824
uterine_radius,2.225,0.46026141503778556,1.5455308057646562,0.35297310395230397,True,0.0005033199265053286
uterine_radius,2.2375,0.4569360959241075,1.54075526204795,0.35096765551797365,True,0.0005574315282105376
uterine_radius,2.25,0.45364781918778135,1.5360481011392972,0.348978720615394,True,0.0006116983589934649
uterine_radius,2.2625,0.45039598316819873,1.5314078869785157,0.3470061056215331,True,0.0006661153573357666
uterine_radius,2.2750000000000004,0.4471800025416787,1.5268332274207133,0.34504962163464,True,0.0007206776567646483
uterine_radius,2.2875,0.4440346550077144,1.522386077498259,0.3431363996422625,True,0.0007753188550860075
uterine_radius,2.3,0.4409366941034864,1.5180238458191628,0.3412488198033704,True,0.0008300626921781948
uterine_radius,2.3125,0.4378724416469556,1.5137216582182718,0.33937656598171995,True,0.0008849259197252181
uterine_radius,2.325,0.43484137531763084,1.5094783162234715,0.33751946665794014,True,0.0009399042812754199
uterine_radius,2.3375000000000004,0.43184298600726606,1.5052926560067026,0.335677354161258,True,0.0009949936866361446
uterine_radius,2.35,0.4288767772874965,1.5011635470031324,0.33385006450738614,True,0.0010501902059497593
uterine_radius,2.3625,0.42594226490501697,1.4970898905995735,0.3320374372446618,True,0.001105490063934773
uterine_radius,2.375,0.4230389763027046,1.4930706188880853,0.33023931530799483,True,0.001160889634274253
uterine_radius,2.3875,0.42016645016521803,1.4891046934809924,0.32845554488022,True,0.0012163854341789755
uterine_radius,2.4000000000000004,0.4173242359876595,1.4851911043837671,0.3266859752604576,True,0.0012719741190939213
uterine_radius,2.4125,0.4145118936659936,1.4813288689224713,0.32493045873911386,True,0.0013276524775727363
uterine_radius,2.425,0.411728993108002,1.4775170307226704,0.3231888504791795,True,0.0013834174262949473
uterine_radius,2.4375,0.4089751138635951,1.4737546587369017,0.3214610084034873,True,0.0014392660052508382
uterine_radius,2.45,0.40624984477341025,1.470040846317992,0.3197467930876221,True,0.0015254754362451907
uterine_radius,2.4625000000000004,0.40355278363466496,1.4663747103356772,0.31804606765818844,True,0.0016477363824759289
uterine_radius,2.475,0.40088353688329975,1.4627553903341306,0.316358697696151,True,0.0017701921069334732
uterine_radius,2.4875,0.3983243830585591,1.459277360991407,0.31472931278765415,True,0.001892444623857916
uterine_radius,2.5,0.39585380844217677,1.4559151395733008,0.313146781142011,True,0.002014512285529785
uterine_radius,2.5125,0.39340837230471715,1.4525951369011425,0.31157693248696605,True,0.0021366685430719
uterine_radius,2.5250000000000004,0.3909877308283147,1.4493166095662677,0.31001963725561194,True,0.0022589084116634442
uterine_radius,2.5375,0.3885915472898877,1.4460788325442477,0.3084747681144129,True,0.002381227092988534
uterine_radius,2.55,0.38621949182264187,1.442881098567868,0.30694219988566607,True,0.0025036199678190557
uterine_radius,2.5625,0.38387124118871696,1.4397227175276477,0.30542180947367287,True,0.002626082588866498
uterine_radius,2.575,0.38154647856236307,1.4366030158984477,0.3039134757944228,True,0.002748610673874937
uterine_radius,2.5875000000000004,0.37924489332307976,1.4335213361908057,0.3024170797086084,True,0.0028712000989731096
uterine_radius,2.6,0.3769661808581989,1.4304770364257522,0.3009325039578122,True,0.0029938468922649348
uterine_radius,2.6125,0.3747100423743886,1.427469489631877,0.2994596331036924,True,0.003116547227642207
uterine_radius,2.625,0.3724761847176199,1.4244980833635394,0.2979983534700238,True,0.0032392974188349397
uterine_radius,2.6375,0.3702643202011417,1.4215622192391435,0.2965485530874437,True,0.0033620939136759665
uterine_radius,2.6500000000000004,0.36807416644104485,1.4186613124984815,0.29511012164077016,True,0.0034849332885759886
uterine_radius,2.6625,0.36590544619901344,1.4157947915781917,0.29368295041875647,True,0.0036078122432095633
uterine_radius,2.675,0.3637578872318954,1.412962097704445,0.29226693226616607,True,0.003730727595392273
uterine_radius,2.6875,0.36163122214772936,1.4101626845020052,0.2908619615380426,True,0.003853676276160569
uterine_radius,2.7,0.35952518826790375,1.4073960176188833,0.2894679340560735,True,0.0039766553250284165
uterine_radius,2.7125000000000004,0.35743952749511865,1.4046615743658093,0.2880847470669296,True,0.0040996618854299074
uterine_radius,2.725,0.3553739861868656,1.4019588433698325,0.2867122992024931,True,0.004222693200336795
uterine_radius,2.7375,0.3533283150341422,1.3992873242413728,0.2853504904418737,True,0.004345746608039378
uterine_radius,2.75,0.3513022689451216,1.396646527254073,0.28399922207511874,True,0.004468819538093954
uterine_radius,2.7625,0.3492956069335463,1.3940359730368699,0.28265839666854015,True,0.004591909507429197
uterine_radius,2.7750000000000004,0.34730809201159263,1.3914551922777052,0.2813279180315703,True,0.004715014116596453
uterine_radius,2.7875,0.3453394910869948,1.3889037254383427,0.28000769118507723,True,0.004838131046180771
uterine_radius,2.8,0.3433895748642011,1.3863811224797722,0.2786976223310554,True,0.004961258053331619
uterine_radius,2.8125,0.3414581177493825,1.3838869425977354,0.2773976188236373,True,0.005084392968455598
uterine_radius,2.825,0.33954489775907826,1.3814207539678893,0.27610758914134237,True,0.005207533692019169
uterine_radius,2.8375000000000004,0.337649696432331,1.3789821335002093,0.27482744286052185,True,0.00533067819149046
uterine_radius,2.85,0.3357722987461085,1.3765706666021806,0.2735570906299189,True,0.005453824498397176
uterine_radius,2.8625,0.3339124930338823,1.3741859469504267,0.2722964441463069,True,0.005576970705507888
uterine_radius,2.875,0.33207007090718793,1.371827576270371,0.2710454161311365,True,0.005700114964122481
uterine_radius,2.8875,0.33024482718003734,1.3694951641236057,0.2698039203081526,True,0.005823255481470936
uterine_radius,2.9000000000000004,0.32843655979604547,1.3671883277026222,0.26857187138192823,True,0.0059463905182230705
uterine_radius,2.9125,0.3266450697581387,1.364906691632592,0.2673491850172703,True,0.00606951838609619
uterine_radius,2.925,0.32487016106072475,1.362649887779889,0.26613577781945147,True,0.00619263744556011
uterine_radius,2.9375,0.32311164062421155,1.3604175550670785,0.26493156731523304,True,0.006315746103636636
uterine_radius,2.95,0.32136931823176695,1.358209339294098,0.2637364719346357,True,0.006438842811792543
uterine_radius,2.9625000000000004,0.31964300646820604,1.3560248929653613,0.2625504109934181,True,0.006561926063913767
uterine_radius,2.975,0.31793252066092614,1.3538638751225616,0.2613733046762381,True,0.006684994394370848
uterine_radius,2.9875,0.31623767882277587,1.3517259511829145,0.2602050740204508,True,0.006808046376160639
uterine_radius,3.0,0.31455830159678855,1.3496107927826404,0.25904564090052185,True,0.006931080619124196
uterine_radius,3.0125,0.3128942122026862,1.3475180776254632,0.25789492801302094,True,0.007054095768243861
uterine_radius,3.025,0.31124523638507734,1.3454474893359238,0.2567528588621673,True,0.007177090502012943
uterine_radius,3.0375,0.30961120236327644,1.3433987173173227,0.25561935774590205,True,0.007300063530865569
uterine_radius,3.0500000000000003,0.30799194078267017,1.3413714566141006,0.25449434974245905,True,0.007423013595684755
uterine_radius,3.0625,0.3063872846675658,1.3393654077784907,0.25337776069741247,True,0.007545939466368223
uterine_radius,3.075,0.30479706937545675,1.3373802767412681,0.2522695172111756,True,0.007668839940451672
uterine_radius,3.0875,0.30322113255264577,1.3354157746864468,0.25116954662693114,True,0.0077917138418075555
uterine_radius,3.1,0.3016593140911663,1.333471617929765,0.2500777770189701,True,0.0079145600193734
uterine_radius,3.1125000000000003,0.30011145608694806,1.331547527800818,0.24899413718142027,True,0.0080373773459641
uterine_radius,3.125,0.2985774027991771,1.3296432305287,0.24791855661734574,True,0.008160164717119315
uterine_radius,3.1375,0.2970570006107972,1.3277584571310264,0.24685096552819955,True,0.008282921050003176
uterine_radius,3.15,0.2955500979901075,1.3258929433062019,0.24579129480361084,True,0.008405645282351255
uterine_radius,3.1625,0.29410494568321843,1.3240997657428226,0.24476989886105902,True,0.008526932881169683
uterine_radius,3.1750000000000003,0.2927277698904617,1.322385591121867,0.24379091339642173,True,4.227826174140545e-06
uterine_radius,3.1875,0.2913626792748411,1.3206887037770698,0.2428192978859624,True,7.90358146169597e-05
uterine_radius,3.2,0.2900095414101517,1.3190088735013845,0.24185498665718394,True,0.00020759711839307254
uterine_radius,3.2125,0.28866822563889977,1.317345874008277,0.24089791471596708,True,0.00037547967989788974
uterine_radius,3.225,0.2873386030413031,1.315699482846166,0.2399480177367205,True,0.0005432773724648323
uterine_radius,3.2375000000000003,0.2860205464050929,1.3140694813152507,0.2390052320527975,True,0.0007109894757750731
uterine_radius,3.25,0.2847139301961133,1.3124556543866834,0.2380694946471889,True,0.0008786152397103601
uterine_radius,3.2625,0.28341863052966026,1.310857790623957,0.23714074314345826,True,0.0011523817904248428
uterine_radius,3.275,0.2821345251425564,1.3092756821064742,0.23621891579692758,True,0.001491443308809413
uterine_radius,3.2875,0.28086149336591343,1.3077091243551877,0.23530395148608801,True,0.0018303319438530195
uterine_radius,3.3000000000000003,0.27959941609857464,1.306157916260267,0.2343957897042378,True,0.002169045842683347
uterine_radius,3.3125,0.27834817578119575,1.3046218600106991,0.23349437055132657,True,0.0025075831049505976
uterine_radius,3.325,0.2771076563709566,1.30310076102578,0.23259963472600845,True,0.0028459417847500313
uterine_radius,3.3375,0.2758777433168651,1.3015944278884108,0.23171152351788296,True,0.003184119892512819
uterine_radius,3.35,0.2746583235356475,1.30010267228016,0.23082997879992873,True,0.0036003609468235245
uterine_radius,3.3625000000000003,0.2734492853881927,1.2986253089180142,0.22995494302111072,True,0.0040758254309900014
uterine_radius,3.375,0.2722505186565384,1.2971621554927775,0.22908635919916193,True,0.004551076916405253
uterine_radius,3.3875,0.2710619145213737,1.29571303260905,0.2282241709135253,True,0.0050261115843947286
uterine_radius,3.4000000000000004,0.2698833655400512,1.2942777637267517,0.22736832229845808,True,0.005500925580762474
uterine_radius,3.4125,0.2687147656250779,1.2928561751041254,0.22651875803628282,True,0.005975515017776118
uterine_radius,3.4250000000000003,0.26755601002307927,1.2914480957421821,0.22567542335078505,True,0.006449875976096498
uterine_radius,3.4375,0.2664069952942182,1.2900533573305397,0.2248382640007515,True,0.006924004506642317
uterine_radius,3.45,0.265267619292049,1.2886717941946075,0.22400722627363884,True,0.007397896632442106
uterine_radius,3.4625000000000004,0.26413778114380154,1.287303243244083,0.2231822569793744,True,0.007871548350395361
uterine_radius,3.475,0.26301738123107143,1.2859475439227075,0.22236330344427685,True,0.008346900893032236
uterine_radius,3.4875000000000003,0.2619063211709179,1.2846045381592621,0.2215503135051026,True,0.008982530259873257
uterine_radius,3.5,0.2608045037973347,1.2832740703197345,0.2207432355031963,True,0.009617873866042435
arcuate_radius,0.32,1.9775309323901284,5.513949365764856,0.818641787643386,True,0.13978715412380693
arcuate_radius,0.3259,1.8852071448910563,5.15712297434294,0.8060934352399445,True,0.12714612529878028
arcuate_radius,0.3318,1.8004162417195706,4.84867359840794,0.7937580289322116,True,0.11456188828615747
arcuate_radius,0.3377,1.7231952660843326,4.581413776364561,0.7817267662748596,True,0.10201588680985764
arcuate_radius,0.3436,1.6558530933251878,4.3544172829258905,0.7703481464853861,True,0.0896197507125195
arcuate_radius,0.34950000000000003,1.5935646575116968,4.15342541883964,0.7592348726272845,True,0.0775270896905348
arcuate_radius,0.3554,1.5358379210847803,3.974356362898445,0.7483869314449917,True,0.06597985475045616
arcuate_radius,0.3613,1.4822366231303121,3.8139253098314096,0.7378029408645645,True,0.05607741818388225
arcuate_radius,0.3672,1.4323732762256152,3.669460664338111,0.7274803870447327,True,0.04639777533498265
arcuate_radius,0.3731,1.3859031316438333,3.538768776623975,0.7174158406150483,True,0.03723626034833025
arcuate_radius,0.379,1.3436729682618063,3.4221130998322917,0.7077828900368583,True,0.02839684146683499
arcuate_radius,0.3849,1.306392321606677,3.3196304821172995,0.6987616527240139,True,0.020723976846292572
arcuate_radius,0.39080000000000004,1.271387922704698,3.225641795103115,0.6899841757016816,True,0.013950286507897192
arcuate_radius,0.3967,1.2384650093889429,3.139148267211165,0.6814422528412762,True,0.007799965862921401
arcuate_radius,0.4026,1.2074491798941436,3.0593002457485663,0.6731278659589967,True,0.0031779215477713077
arcuate_radius,0.4085,1.1781840558890544,2.9853709447858727,0.6650332509778862,True,4.9728634837125714e-05
arcuate_radius,0.4144,1.1505292339787159,2.9167354860056895,0.6571509467355076,True,0.008542214243442838
arcuate_radius,0.4203,1.1243584865979188,2.8528540291034234,0.6494738287348429,True,0.007810637707416812
arcuate_radius,0.4262,1.0995581790889,2.7932580919017314,0.6419951300242467,True,0.007133555445444424
arcuate_radius,0.4321,1.0770232566284754,2.739149927488767,0.6349232329473864,True,0.00648054348721304
arcuate_radius,0.438,1.0567031751839426,2.690193598770511,0.6282795407523732,True,0.00585192866035809
arcuate_radius,0.4439,1.037303174802313,2.6441126159730857,0.6218012826083884,True,0.005254428614648141
arcuate_radius,0.4498,1.0187612030985913,2.6006630190674813,0.6154826701236481,True,0.004686800722751037
arcuate_radius,0.4557,1.0010211468365118,2.55962913104241,0.6093184016886268,True,0.004147812413054651
arcuate_radius,0.4616,0.9840321810166354,2.520819598547855,0.6033036237198169,True,0.003636247408151381
arcuate_radius,0.4675,0.9677481909859587,2.4840640562926337,0.5974338916636232,True,0.0031509109483411194
arcuate_radius,0.47340000000000004,0.9521272591503506,2.449210306260585,0.5917051314687696,True,0.002690634103730714
arcuate_radius,0.4793,0.9371312089345677,2.416121923961148,0.5861136020981363,True,0.0022542772728953602
arcuate_radius,0.48519999999999996,0.9227251995428958,2.3846762205308663,0.5806558595290625,True,0.0018407329598539644
arcuate_radius,0.4911,0.9088773658522998,2.3547625026232644,0.5753287225841353,True,0.001448927914467366
arcuate_radius,0.497,0.8955584984401359,2.326280582464194,0.570129240841311,True,0.0010778247146412624
arcuate_radius,0.5029,0.8832679258539882,2.2999138631245644,0.5652011077312944,True,0.0007259901287683333
arcuate_radius,0.5088,0.8719048426586018,2.2754542010088135,0.5605273006344605,True,0.0003930809540627532
arcuate_radius,0.5146999999999999,0.8609175933533812,2.252045900380321,0.555959316889979,True,0.00011744409435410788
arcuate_radius,0.5206,0.850291042872573,2.229631231241699,0.551495338786095,False,
arcuate_radius,0.5265,0.8400111219953283,2.2081570552245404,0.5471336616958555,False,
arcuate_radius,0.5324,0.8300647063714619,2.187574311672086,0.5428726719525044,False,
arcuate_radius,0.5383,0.8204395102490832,2.167837572479884,0.5387108274647826,False,
arcuate_radius,0.5442,0.8111239932686065,2.148904655815387,0.5346466408857228,False,
arcuate_radius,0.5501,0.802107278852141,2.130736290323635,0.5306786651443801,False,
arcuate_radius,0.556,0.7933790828655038,2.113295822674094,0.5268054811490455,False,
arcuate_radius,0.5619000000000001,0.784929651364272,2.0965489623557167,0.5230256874724339,False,
arcuate_radius,0.5678,0.7767497063567967,2.080463558516556,0.5193378918335703,False,
arcuate_radius,0.5737,0.7688303986273597,2.065009404398129,0.5157407041971988,False,
arcuate_radius,0.5796,0.7611632667627195,2.050158065555315,0.5122327313191164,False,
arcuate_radius,0.5855,0.7537402016161706,2.0358827285979304,0.5088125725745122,False,
arcuate_radius,0.5913999999999999,0.7465534155257093,2.0221580676554,0.505478816915903,False,
arcuate_radius,0.5972999999999999,0.7395954156777288,2.00896012616325,0.5022300408172765,False,
arcuate_radius,0.6032,0.7328589810754452,1.9962662119099923,0.4990648070713887,False,
arcuate_radius,0.6091,0.7263371426326494,1.9840548035739614,0.4959816643176096,False,
arcuate_radius,0.615,0.7200231659687605,1.972305467228814,0.49297914718806257,False,
arcuate_radius,0.6209,0.7139105365312156,1.9609987815101644,0.49005577696998853,False,
arcuate_radius,0.6268,0.7079929467161743,1.9501162703190338,0.48721006269210676,False,
arcuate_radius,0.6327,0.7022642846989837,1.9396403420950865,0.48444050255221116,False,
arcuate_radius,0.6386000000000001,0.6967186247220246,1.9295542348275088,0.4817455856122156,False,
arcuate_radius,0.6445000000000001,0.691350218619944,1.9198419660872177,0.47912379369533464,False,
arcuate_radius,0.6504,0.6861534883911475,1.9104882874635285,0.4765736034280241,False,
arcuate_radius,0.6563,0.6812236072504592,1.9016117723831514,0.47413030644695003,False,
arcuate_radius,0.6622,0.6765086484824698,1.8931359070883156,0.47177590565168565,False,
arcuate_radius,0.6680999999999999,0.671937217431404,1.8849596219631541,0.46948465720527394,False,
arcuate_radius,0.6739999999999999,0.6675052356320231,1.8770715393555315,0.4672552542438861,False,
arcuate_radius,0.6799,0.6632087044802456,1.8694607327956279,0.4650863842940522,False,
arcuate_radius,0.6858,0.659043706048799,1.8621167076000837,0.46297673184576554,False,
arcuate_radius,0.6917,0.6550064038329337,1.8550293826397781,0.460924980834017,False,
arcuate_radius,0.6976,0.6510930433985328,1.8481890731443325,0.4589298170134209,False,
arcuate_radius,0.7035,0.6472999529120776,1.8415864744355441,0.4569899302141078,False,
arcuate_radius,0.7094,0.6436235435379672,1.835212646498081,0.4551040164701449,False,
arcuate_radius,0.7153,0.640060309693786,1.829058999309419,0.45327078001444415,False,
arcuate_radius,0.7212000000000001,0.6366068291583297,1.8231172788624401,0.4514889351364361,False,
arcuate_radius,0.7271000000000001,0.6332597630307176,1.8173795538237727,0.44975720790079504,False,
arcuate_radius,0.733,0.6300158555417398,1.811838202779035,0.4480743377271882,False,
arcuate_radius,0.7389,0.6268719337208978,1.8064859020229487,0.4464390788324588,False,
arcuate_radius,0.7448,0.6238249069243841,1.8013156138579403,0.4448502015378275,False,
arcuate_radius,0.7506999999999999,0.6208717662306451,1.7963205753696463,0.44330649344467904,False,
arcuate_radius,0.7565999999999999,0.6180095837111899,1.7914942876516546,0.44180676048326645,False,
arcuate_radius,0.7625,0.6152355115850537,1.786830505455165,0.4403498278392852,False,
arcuate_radius,0.7684,0.6125467812658011,1.7823232272419929,0.43893454076372973,False,
arcuate_radius,0.7743,0.6099407023102169,1.777966685621657,0.43755976527178003,False,
arcuate_radius,0.7802,0.6074146612779298,1.773755338155177,0.4362243887366866,False,
arcuate_radius,0.7861,0.6049661205111728,1.7696838585098524,0.43492732038475973,False,
arcuate_radius,0.792,0.6026121301440197,1.7657909135779182,0.4336815348235319,False,
arcuate_radius,0.7979,0.600345563317887,1.7620605606160438,0.4324826158923934,False,
arcuate_radius,0.8038000000000001,0.5981480473023897,1.758451979707927,0.43131799358769146,False,
arcuate_radius,0.8097,0.5960173927913356,1.7549608083888784,0.43018670546948645,False,
arcuate_radius,0.8156,0.5939514760263652,1.7515828490862273,0.4290878101931153,False,
arcuate_radius,0.8214999999999999,0.5919482374838064,1.7483140629851919,0.42802038765704886,False,
arcuate_radius,0.8273999999999999,0.590005680522917,1.7451505640913383,0.426983539084676,False,
arcuate_radius,0.8332999999999999,0.5881218700029435,1.7420886134865359,0.42597638704575075,False,
arcuate_radius,0.8392,0.5862949308758609,1.7391246137750822,0.4249980754229448,False,
arcuate_radius,0.8451,0.584523046761126,1.736255103716484,0.42404776932866445,False,
arcuate_radius,0.851,0.5828044585082509,1.7334767530411856,0.42312465497699064,False,
arcuate_radius,0.8569,0.5811374627525064,1.7307863574453968,0.42222793951532045,False,
arcuate_radius,0.8628,0.5795204104685564,1.7281808337609805,0.42135685081998375,False,
arcuate_radius,0.8687,0.5779517055264128,1.7256572152963232,0.42051063725985477,False,
arcuate_radius,0.8746,0.576429803253615,1.7232126473439247,0.4196885674316801,False,
arcuate_radius,0.8805000000000001,0.5749532090071758,1.7208443828504454,0.4188899298706037,False,
arcuate_radius,0.8864000000000001,0.5735204767584139,1.718549778244831,0.4181140327390992,False,
arcuate_radius,0.8923000000000001,0.5721302076934695,1.7163262894201492,0.41736020349729414,False,
arcuate_radius,0.8981999999999999,0.5707810488319367,1.7141714678647069,0.4166277885574244,False,
arcuate_radius,0.9040999999999999,0.5694716916657586,1.712082956938049,0.41591615292495165,False,
arcuate_radius,0.9099999999999999,0.5682008708202317,1.7100584882874228,0.4152246798286573,False,
arcuate_radius,0.9158999999999999,0.5669673627387138,1.708095878400344,0.4145527703418416,False,
arcuate_radius,0.9218,0.5657699843923729,1.7061930252889017,0.4138998429965598,False,
arcuate_radius,0.9277,0.5646075920161068,1.704347905301522,0.413265333392664,False,
arcuate_radius,0.9336,0.5634790798715534,1.7025585700579469,0.41264869380325353,False,
arcuate_radius,0.9395,0.562383379037922,1.7008231435032461,0.4120493927779791,False,
arcuate_radius,0.9454,0.5613194562312238,1.699139819076777,0.4114669147455168,False,
arcuate_radius,0.9513,0.5602863126523083,1.6975068569920557,0.41090075961638367,False,
arcuate_radius,0.9572,0.5592829828639877,1.6959225816236019,0.41035044238714957,False,
arcuate_radius,0.9631000000000001,0.5583085336974165,1.6943853789969294,0.4098154927469943,False,
arcuate_radius,0.9690000000000001,0.5573620631877451,1.6928936943778803,0.4092954546874315,False,
arcuate_radius,0.9749000000000001,0.5564426995390326,1.6914460299577008,0.4087898861159598,False,
arcuate_radius,0.9807999999999999,0.5555496001182458,1.6900409426302365,0.40829835847427176,False,
arcuate_radius,0.9866999999999999,0.5546819504781477,1.6886770418578194,0.407820456361604,False,
arcuate_radius,0.9925999999999999,0.5538389634087844,1.6873529876224695,0.40735577716371624,False,
arcuate_radius,0.9984999999999999,0.5530198780172242,1.6860674884591358,0.40690393068792247,False,
arcuate_radius,1.0044,0.5522239588351614,1.6848192995678335,0.4064645388045435,False,
arcuate_radius,1.0103,0.5514504949539323,1.6836072210015873,0.4060372350950749,False,
arcuate_radius,1.0162,0.550698799186483,1.6824300959272402,0.40562166450733367,False,
arcuate_radius,1.0221,0.5499682072557628,1.6812868089562467,0.4052174830177807,False,
arcuate_radius,1.028,0.5492580770090163,1.6801762845426809,0.4048243573011833,False,
arcuate_radius,1.0339,0.5485677876574162,1.679097485445797,0.40444196440774133,False,
arcuate_radius,1.0398,0.5478967390404555,1.6780494112545499,0.4040699914477631,False,
arcuate_radius,1.0457,0.5472443509145185,1.677031096971602,0.40370813528394967,False,
arcuate_radius,1.0516,0.5466100622650273,1.6760416116544095,0.4033561022313123,False,
arcuate_radius,1.0574999999999999,0.5459933306415563,1.675080057111085,0.403013607764728,False,
arcuate_radius,1.0634,0.5453936315153124,1.6741455666488139,0.4026803762341113,False,
arcuate_radius,1.0693,0.5448104576583632,1.6732373038726842,0.40235614058716357,False,
arcuate_radius,1.0752,0.54424331854401,1.672354461532878,0.4020406420996412,False,
arcuate_radius,1.0811,0.5436917397676914,1.671496260418242,0.4017336301130701,False,
arcuate_radius,1.087,0.5431552624878214,1.6706619482943348,0.40143486177981624,False,
arcuate_radius,1.0929,0.5426334428859642,1.6698507988841387,0.4011441018154196,False,
arcuate_radius,1.0988,0.54212585164575,1.6690621108896557,0.400861122258073,False,
arcuate_radius,1.1047,0.5416320734499652,1.6682952070527377,0.4005857022351391,False,
arcuate_radius,1.1106,0.5411517064952286,1.6675494332535,0.40031762773656826,False,
arcuate_radius,1.1165,0.5406843620237076,1.6668241576447915,0.400056691395095,False,
arcuate_radius,1.1224,0.5402296638713139,1.666118769821218,0.39980269227306975,False,
arcuate_radius,1.1283,0.5397872480318462,1.6654326800212989,0.3995554356557893,False,
arcuate_radius,1.1342,0.5393567622365529,1.6647653183613838,0.39931473285117886,False,
arcuate_radius,1.1401,0.5389378655485929,1.6641161341000101,0.3990804009956783,False,
arcuate_radius,1.146,0.5385302279719081,1.6634845949314563,0.39885226286618847,False,
arcuate_radius,1.1519,0.5381335300739981,1.6628701863072655,0.39863014669792163,False,
arcuate_radius,1.1578,0.5377474626221431,1.6622724107845976,0.39841388600801175,False,
arcuate_radius,1.1637,0.5373717262325948,1.6616907874002926,0.39820331942473175,False,
arcuate_radius,1.1696,0.5370060310322902,1.6611248510695789,0.3979982905221653,False,
arcuate_radius,1.1755,0.5366500963326587,1.6605741520084216,0.39779864766019285,False,
arcuate_radius,1.1814,0.5363036503150894,1.660038255178523,0.3976042438296349,False,
arcuate_radius,1.1873,0.5359664297276447,1.6595167397540387,0.3974149365024106,False,
arcuate_radius,1.1932,0.5356381795926355,1.659009198609128,0.39723058748657025,False,
arcuate_radius,1.1991,0.5353186529246565,1.6585152378254673,0.39705106278605423,False,
arcuate_radius,1.205,0.535007610458715,1.6580344762189096,0.3968762324650417,False,
arcuate_radius,1.2109,0.5347048203880911,1.657566544884505,0.3967059705167508,False,
arcuate_radius,1.2167999999999999,0.5344100581115779,1.6571110867591268,0.39654015473655607,False,
arcuate_radius,1.2227,0.5341231059897621,1.6566677562009817,0.3963786665992894,False,
arcuate_radius,1.2286,0.533843753110018,1.6562362185853094,0.39622139114059474,False,
arcuate_radius,1.2345,0.5335717950599014,1.6558161499156183,0.39606821684221355,False,
arcuate_radius,1.2404,0.533307033708636,1.6554072364498136,0.3959190355210721,False,
arcuate_radius,1.2463,0.533049276996394,1.6550091743406166,0.39577374222205336,False,
arcuate_radius,1.2522,0.5327983387310972,1.654621669289696,0.39563223511433593,False,
arcuate_radius,1.2581,0.5325540383924444,1.654244436214938,0.3954944153911794,False,
arcuate_radius,1.264,0.5323162009429279,1.6538771989303547,0.39536018717305604,False,
arcuate_radius,1.2699,0.5320846566455502,1.6535196898380753,0.3952294574140044,False,
arcuate_radius,1.2758,0.5318592408880284,1.65317164963198,0.39510213581111525,False,
arcuate_radius,1.2817,0.5316397940132215,1.6528328270124635,0.39497813471703314,False,
arcuate_radius,1.2876,0.5314261611555666,1.6525029784119114,0.3948573690553829,False,
arcuate_radius,1.2935,0.5312181920832977,1.6521818677304438,0.39473975623901975,False,
arcuate_radius,1.2993999999999999,0.5310157410462385,1.6518692660815166,0.39462521609101003,False,
arcuate_radius,1.3053,0.530818666628958,1.6515649515469932,0.3945136707682512,False,
arcuate_radius,1.3112,0.5306268316090963,1.6512687089412952,0.39440504468764126,False,
arcuate_radius,1.3171,0.5304401028206726,1.65098032958429,0.3942992644547159,False,
arcuate_radius,1.323,0.5302583510221823,1.6506996110825427,0.3941962587946625,False,
arcuate_radius,1.3289,0.5300814507693203,1.6504263571186293,0.39409595848563994,False,
arcuate_radius,1.3348,0.5299092802921511,1.6501603772481672,0.39399829629431815,False,
arcuate_radius,1.3407,0.5297417213765643,1.6499014867042756,0.39390320691356673,False,
arcuate_radius,1.3466,0.5295786592498579,1.649649506209158,0.3938106269022151,False,
arcuate_radius,1.3525,0.5294199824703063,1.6494042617925502,0.3937204946268215,False,
arcuate_radius,1.3584,0.5292655828205503,1.6491655846167361,0.3936327502053721,False,
arcuate_radius,1.3643,0.529115355204683,1.6489333108078956,0.39354733545285125,False,
arcuate_radius,1.3702,0.5289691975488935,1.64870728129353,0.3934641938286172,False,
arcuate_radius,1.3761,0.528838403359902,1.6485013121729473,0.3933884112704375,False,
arcuate_radius,1.3820000000000001,0.5287194107304185,1.6483110011627182,0.3933183729923539,False,
arcuate_radius,1.3879000000000001,0.5286041574345784,1.64812643036152,0.3932504317762516,False,
arcuate_radius,1.3938,0.5284925530587572,1.6479474591320802,0.39318453725055824,False,
arcuate_radius,1.3997,0.5283845097767869,1.6477739509203437,0.3931206404607486,False,
arcuate_radius,1.4056,0.5282799422681995,1.6476057731234648,0.393058693825623,False,
arcuate_radius,1.4115,0.5281787676392744,1.6474427969624863,0.3929986510950335,False,
arcuate_radius,1.4174,0.528080905346802,1.6472848973595375,0.39294046730901383,False,
arcuate_radius,1.4233,0.5279862771244452,1.6471319528193584,0.39288409875825514,False,
arcuate_radius,1.4292,0.5278948069116195,1.6469838453150023,0.39282950294588964,False,
arcuate_radius,1.4351,0.5278064207847937,1.64684046017755,0.39277663855053235,False,
arcuate_radius,1.441,0.5277210468911145,1.6467016859896757,0.392725465390536,False,
arcuate_radius,1.4469,0.5276386153842911,1.6465674144829354,0.39267594438942194,False,
arcuate_radius,1.4528,0.5275590583626375,1.6464375404386198,0.3926280375424417,False,
arcuate_radius,1.4587,0.5274823098092015,1.6463119615920423,0.39258170788423086,False,
arcuate_radius,1.4646000000000001,0.527408305533911,1.6461905785401432,0.39253691945752167,False,
arcuate_radius,1.4705000000000001,0.527336983117655,1.646073294652268,0.3924936372828712,False,
arcuate_radius,1.4764,0.5272682818582367,1.6459600159840138,0.39245182732937517,False,
arcuate_radius,1.4823,0.5272021427181254,1.6458506511940239,0.39241145648633136,False,
arcuate_radius,1.4882,0.5271385082739528,1.6457451114636243,0.3923724925358207,False,
arcuate_radius,1.4941,0.5270773226676754,1.6456433104191903,0.39233490412617256,False,
arcuate_radius,1.5,0.5270185315593607,1.64554516405715,0.39229866074628755,False,
av_radius,0.05,0.7474520344062184,2.0160449813623518,0.5039793212727598,False,
av_radius,0.06875,0.7419188866785456,2.0056561166525446,0.5014100414835782,False,
av_radius,0.0875,0.7297198191800475,1.983049697757106,0.49572620336694906,False,
av_radius,0.10625,0.7084596684795441,1.9443888651937782,0.4856995851494244,False,
av_radius,0.125,0.6776957340165018,1.8899172645685531,0.47087630831908994,False,
av_radius,0.14375,0.639796381971623,1.825022199759641,0.45206145978295387,False,
av_radius,0.16249999999999998,0.5992253040456151,1.7580705042064824,0.43119459793715315,False,
av_radius,0.18125000000000002,0.5606365080645795,1.6966397788536942,0.410599696845707,False,
av_radius,0.2,0.5272581150200348,1.645144867805882,0.3921507950034255,False,
av_radius,0.21875,0.5004555594989509,1.6048021794020135,0.3768702380672095,False,
av_radius,0.2375,0.4801829640373778,1.574805976896995,0.36500114003224404,False,
av_radius,0.25625,0.46565061162317656,1.5535013413638474,0.3562927991281414,False,
av_radius,0.27499999999999997,0.4558248886690049,1.5391060010418582,0.35027217142738987,False,
av_radius,0.29375,0.4496982836168266,1.5300322990094286,0.34641902615557946,False,
av_radius,0.3125,0.4463980397029833,1.524978564325474,0.34425307778518294,False,
av_radius,0.33125,0.4452099520472363,1.5229183303853897,0.3433659704214474,False,
av_radius,0.35,0.44556651640390155,1.5230563197667326,0.3434254616709398,False,
av_radius,0.36874999999999997,0.44702422060216046,1.5247809710186608,0.34416810085718097,False,
av_radius,0.38749999999999996,0.4492403533971215,1.527623596579076,0.34538848297487923,False,
av_radius,0.40625,0.45195276575300475,1.531225992379502,0.3469285363645015,False,
av_radius,0.425,0.45523179148938525,1.5356315497852748,0.34880212630443247,False,
av_radius,0.44375,0.4587097122720715,1.5403762619784163,0.35080796511650475,False,
av_radius,0.46249999999999997,0.46222889586678145,1.5452479653328324,0.3528546728844202,False,
av_radius,0.48124999999999996,0.46570733692484995,1.5501275022692935,0.3548917759758084,False,
av_radius,0.49999999999999994,0.46908764931194136,1.5549281084976725,0.3568834504084104,False,
av_radius,0.51875,0.47233142306535875,1.5595883622401379,0.3588051666635706,False,
av_radius,0.5375,0.47541467625670664,1.5640665326421184,0.36064100910673036,False,
av_radius,0.55625,0.47832421986714674,1.568336043436037,0.3623815481476027,False,
av_radius,0.5750000000000001,0.4810547825701878,1.5723818390959137,0.36402216361454615,False,
av_radius,0.59375,0.4836067636408508,1.5761974880869356,0.365561734771116,False,
av_radius,0.6125,0.4859844997642778,1.5797828902239304,0.3670016264967571,False,
av_radius,0.63125,0.48819494717741624,1.5831424784593255,0.36834491297765265,False,
av_radius,0.65,0.49024669507431784,1.5862838232894425,0.3695957902878177,False,
av_radius,0.6687500000000001,0.4921492396583514,1.5892165625383907,0.3707591378215057,False,
av_radius,0.6875,0.49391246050405224,1.5919515916977807,0.3718401958859048,False,
av_radius,0.70625,0.49554625183120626,1.59450046082244,0.3728443330243993,False,
av_radius,0.725,0.49706027079076465,1.5968749334504877,0.3737768819257342,False,
av_radius,0.74375,0.498463772904928,1.5990866712383607,0.37464302718152076,False,
av_radius,0.7625000000000001,0.49976551146353015,1.6011470150476799,0.37544773178106855,False,
av_radius,0.78125,0.5009736830845442,1.6030668391663891,0.3761956921771209,False,
av_radius,0.8,0.5020959059583903,1.6048564602857018,0.37689131411666765,False,
terminal_resistance,0.2,0.4728448208628617,1.5643406139759595,0.3607530284223843,False,
terminal_resistance,0.21675967734687368,0.4760451005783711,1.5689809126869665,0.3626436166852758,False,
terminal_resistance,0.23492378861760385,0.4793553077178218,1.5737965274693904,0.36459384517262533,False,
terminal_resistance,0.2546100231092847,0.48276511807288774,1.5787741889851417,0.36659719485101655,False,
terminal_resistance,0.27594593229224296,0.48626161760103187,1.583896719657394,0.3686457029746828,False,
terminal_resistance,0.29906975624424414,0.48982908920621265,1.5891426373337685,0.3707298662140361,False,
terminal_resistance,0.32413131933855255,0.4934488234890901,1.5944857822574898,0.3728385595359844,False,
terminal_resistance,0.3512930009892056,0.4970989642034943,1.5998949851425628,0.3749589758787247,False,
terminal_resistance,0.38073078774317576,0.5007544002618184,1.6053337970951533,0.3770765919153406,False,
terminal_resistance,0.412635413536159,0.5043867169221529,1.6107603047829255,0.37917516527403794,False,
terminal_resistance,0.447213595499958,0.507964219126706,1.6161270563420176,0.38123676843612464,False,
terminal_resistance,0.48468937332853074,0.5114520396995256,1.6213811246874534,0.383241864128173,False,
terminal_resistance,0.5253055608807535,0.5148123441111689,1.6264643347768606,0.3851694263328603,False,
terminal_resistance,0.5693253194251531,0.518004641656736,1.6313136795750607,0.3869971100466165,False,
terminal_resistance,0.6170338627200097,0.5209862100855808,1.6358619456094627,0.38870147161016305,False,
terminal_resistance,0.668740304976422,0.5237126369347395,1.6400385628016247,0.39025823984788965,False,
terminal_resistance,0.7247796636776956,0.5261384760957855,1.6437706845575808,0.39164263641242086,False,
terminal_resistance,0.7855150302317644,0.5282180126172406,1.646984492953682,0.392829741701689,False,
terminal_resistance,0.8513399225207847,0.5299061226409868,1.6496067105896413,0.3937949005781163,False,
terminal_resistance,0.9226808345905883,0.5311592090189887,1.651566285931791,0.39451415997159706,False,
terminal_resistance,1.0,0.531936186971046,1.6527962036970303,0.39496472840198554,False,
terminal_resistance,1.0837983867343681,0.532199488602731,1.6532353572807337,0.395125445632366,False,
terminal_resistance,1.1746189430880192,0.5319160507078136,1.652830407861261,0.3949772491819135,False,
terminal_resistance,1.2730501155464238,0.5310582475108093,1.6515375461285697,0.394503623399821,False,
terminal_resistance,1.3797296614612151,0.5301230892368022,1.6499596063515831,0.39392455660704573,False,
terminal_resistance,1.4953487812212205,0.5288064389009547,1.6477195267180964,0.39310059522582386,False,
terminal_resistance,1.6206565966927624,0.5269188685779006,1.6445853744081607,0.3919440026882937,False,
terminal_resistance,1.7564650049460275,0.5244599793489132,1.6405612976837496,0.39045252291891525,False,
terminal_resistance,1.9036539387158786,0.5214368178359113,1.635664716993265,0.38862776117208525,True,2.5655815341675927e-05
terminal_resistance,2.0631770676807952,0.5178638043644005,1.6299260233979391,0.38647522301945936,True,0.0002648419019511372
terminal_resistance,2.2360679774997894,0.5137624562631209,1.6233878514686393,0.384004260537416,True,0.0005203656675256061
terminal_resistance,2.423446866642654,0.5091609172421399,1.6161039618120683,0.38122792615473655,True,0.0007924997559963427
terminal_resistance,2.6265278044037674,0.5040933128386725,1.6081377902866143,0.3781627382677373,True,0.001081398414603858
terminal_resistance,2.8466265971257645,0.4985989596142293,1.5995607381665677,0.3748283662262117,True,0.0013870848917373238
terminal_resistance,3.0851693136000486,0.49379117014564594,1.5917932122385414,0.371777695550229,True,0.0017057371861919368
terminal_resistance,3.3437015248821096,0.4888782056307688,1.5839068125123896,0.3686497260442979,True,0.002204946691858562
terminal_resistance,3.6238983183884783,0.48369546573984146,1.5756582496697857,0.3653446106034908,True,0.0028896692497982594
terminal_resistance,3.9275751511588215,0.47828702517923816,1.567122349158423,0.3618877297378723,True,0.0035998184636737893
terminal_resistance,4.2566996126039225,0.4726973027343385,1.5583729620473328,0.35830508847751247,True,0.00010037478973885412
terminal_resistance,4.613404172952942,0.4669702487679896,1.5494815716994907,0.354622850465277,True,0.0019915931786977626
terminal_resistance,5.0,0.461148612570152,1.5405161099387785,0.35086689873062027,True,0.005442836547520178
youngs_modulus,500000.0,0.4236481407700655,1.4887953022037932,0.3283159890955141,True,0.016134508177922037
youngs_modulus,541346.4403236266,0.4267917834499298,1.4939039757158354,0.33061293345790244,True,0.009077896529401417
youngs_modulus,586111.9369021239,0.43097134805868675,1.50050518907008,0.3335577862148295,True,0.0034618306753290353
youngs_modulus,634579.2213463017,0.4361954174283739,1.508648776919698,0.3371551978839221,True,0.0001826299871609207
youngs_modulus,687054.4051583186,0.44198529947901694,1.5175252814475224,0.3410323951597501,True,0.0035526674750650444
youngs_modulus,743868.9130822452,0.44833466654287596,1.5271423479509365,0.3451821951360571,True,0.0030956833113485872
youngs_modulus,805381.5763289575,0.4552369648903808,1.5375082830244011,0.34959699987246873,True,0.0025507149025406875
youngs_modulus,871980.8988958248,0.46268484907771684,1.5486311406023947,0.35426844147598974,True,0.0019439185008487765
youngs_modulus,944087.511294902,0.4706697631124766,1.5605179960815847,0.35918714009644814,True,0.0012990784110121902
youngs_modulus,1022156.8271869739,0.4791816569251738,1.573174397275858,0.36434256638576046,True,0.0006370906260151251
youngs_modulus,1106681.9197003217,0.48820882134635785,1.5866039729739572,0.3697229951305472,True,0.0003973026061938873
youngs_modulus,1198196.6356005736,0.49773782243582326,1.600808175952995,0.3753155343520914,True,0.00018012606373301102
youngs_modulus,1297278.9669802326,0.507753515714212,1.6157861363232302,0.38110621355154717,False,
youngs_modulus,1404554.7017629214,0.5182391219008354,1.6315346020807426,0.3870801154173062,False,
youngs_modulus,1520701.3760783414,0.5291763476193669,1.6480479459560127,0.39322153675576954,False,
youngs_modulus,1646452.5534705017,0.5405455367923058,1.6653182204844228,0.399514166302035,False,
youngs_modulus,1782602.4579660036,0.5523258408220966,1.6833352462714857,0.40594126914709566,False,
youngs_modulus,1930010.9902640872,0.5644953979625307,1.7020867214006965,0.4124858695936063,False,
youngs_modulus,2089609.158729883,0.5770315144023821,1.7215583426629295,0.41913092619725767,False,
youngs_modulus,2262404.959492141,0.590118366530011,1.7421885296661843,0.4260093078493594,False,
youngs_modulus,2449489.7427831786,0.6035418351243408,1.763559531430156,0.43296498803811206,False,
youngs_modulus,2652045.1057298197,0.6172502253887507,1.785592283793594,0.4399617375835416,False,
youngs_modulus,2871350.3551290687,0.6312251531931032,1.8082755163980875,0.4469869270851464,False,
youngs_modulus,3108790.5873422055,0.6455492320460905,1.8317270874590412,0.45406714414689753,False,
youngs_modulus,3365865.4363386,0.6600636339940108,1.8557540297121329,0.4611354824027399,False,
youngs_modulus,3644198.5451404634,0.6747465118205644,1.880336441994471,0.46818028004642565,False,
youngs_modulus,3945547.8204886583,0.6895762837828259,1.9054534384256558,0.47519053479142964,False,
youngs_modulus,4271816.535496358,0.7045316829421605,1.9310831709182554,0.48215591381054457,False,
youngs_modulus,4625065.350413122,0.7195918032545894,1.9572028566854303,0.48906675841791697,False,
youngs_modulus,5007525.327420582,0.7347361424190959,1.9837888107780783,0.49591408391512115,False,
youngs_modulus,5421612.021659072,0.7499446415352401,2.010816483717475,0.5026895750569635,False,
youngs_modulus,5869940.73748184,0.7651977216525437,2.0382605042897604,0.5093855776063061,False,
youngs_modulus,6355343.046292877,0.7805796392884699,2.0662358606114775,0.516028146126521,False,
youngs_modulus,6880884.670292326,0.7960124052333997,2.094636760503097,0.5225902558113147,False,
youngs_modulus,7449884.845080325,0.8114553461796257,2.12340546446364,0.5290583844039441,False,
youngs_modulus,8065937.283410335,0.8268900480401652,2.1525129924296507,0.5354267298190617,False,
youngs_modulus,8732932.872495618,0.8422987004082961,2.1819297744009876,0.5416901076596137,False,
youngs_modulus,9455084.248221375,0.8576641232951075,2.211625729281634,0.5478439291241138,False,
youngs_modulus,10236952.401469272,0.8729697904650069,2.241570347209653,0.5538841771150221,False,
youngs_modulus,11083475.484595586,0.8881998495172515,2.271732775060844,0.5598073809657402,False,
youngs_modulus,12000000.0,0.9033391388436833,2.3020819047273364,0.5656105901590665,False,
