axis,PI,reachable,value,SD,RI,notch,notch_ratio,PI_check
radial_radius,1.2,True,0.12187521225226358,2.9771353077809386,0.6641066338548892,True,0.02228529640968259,1.199652898910858
radial_radius,1.0,True,0.134372201486834,2.5158448648159824,0.6025192117427544,True,0.0062099088557286035,0.9998297429522444
radial_radius,0.8,True,0.15317423210294698,2.10781991620391,0.5255761688593609,True,0.0016819269535254225,0.7999015893574127
radial_radius,0.65,True,0.17429395729617475,1.8397911408970626,0.45646004170211923,True,0.0002971551253596662,0.6499396861472532
uterine_radius,1.2,True,1.105685907443751,3.112794328823978,0.6787452384051976,False,,1.1998521009460172
uterine_radius,1.0,True,1.2346967669519733,2.5618806753989887,0.6096617576287938,False,,0.9999483822479321
uterine_radius,0.8,True,1.4449088194320328,2.1216994059083434,0.5286797002368584,False,,0.7999720360127422
uterine_radius,0.65,True,1.6957416985873286,1.8445615186898112,0.4578657367251713,False,,0.6499883289972613
arcuate_radius,1.2,True,0.40410179310252725,3.039947065589945,0.6710469036387857,True,0.00207861541397914,1.1998397340132232
arcuate_radius,1.0,True,0.45605462819804904,2.5572353918769117,0.6089526982238272,True,0.004116301461646396,0.999979266080334
arcuate_radius,0.8,True,0.5515244576137688,2.1264602594333626,0.5297349218901134,False,,0.7999739578940754
arcuate_radius,0.65,True,0.6993001851325119,1.8462624423050198,0.4583651938716139,False,,0.6499878243250201
youngs_modulus,1.2,False,,,,,,
youngs_modulus,1.0,False,,,,,,
youngs_modulus,0.8,True,7027808.894575773,2.1022522344971937,0.5243196874331424,False,,0.8001187769338964
youngs_modulus,0.65,True,3187621.289687005,1.8392386403355585,0.4562967642863594,False,,0.6501043277454263
