param,value,PI,SD,RI
uterine_radius,0.6,15.120691392287794,-1.2626613803499003,1.7919779725288556
uterine_radius,0.8,2.6364432051810476,-268.81167375419005,1.0037200765354946
uterine_radius,1.0,1.4588472920456657,4.090122340637151,0.7555085357558713
uterine_radius,1.25,0.9813816211405201,2.5169845911832303,0.6026991966884065
uterine_radius,1.5,0.7613629554927376,2.0464784286971076,0.5113557094092358
uterine_radius,2.0,0.5272581150200348,1.645144867805882,0.3921507950034255
uterine_radius,2.5,0.39585380844217677,1.4559151395733008,0.313146781142011
uterine_radius,3.0,0.31455830159678855,1.3496107927826404,0.25904564090052185
uterine_radius,4.0,0.22370917498066084,1.2392142225807579,0.19303702154303554
arcuate_radius,0.3,2.368200347012431,7.299562765653189,0.8630054933282684
arcuate_radius,0.5,0.8889958595970289,2.31234073243662,0.5675377828308833
arcuate_radius,0.75,0.6212173268704261,1.7969042597835854,0.44348732295818727
arcuate_radius,1.0,0.5528153581125387,1.6857466635944733,0.4067910549099197
arcuate_radius,1.5,0.5270185315593607,1.64554516405715,0.39229866074628755
arcuate_radius,2.0,0.5272581150200348,1.645144867805882,0.3921507950034255
arcuate_radius,2.5,0.5321287924017641,1.6516335391829111,0.3945388148906715
arcuate_radius,3.0,0.5391628455952969,1.6611823222666589,0.3980191177115859
heart_rate,60.0,0.5270802461765619,1.6490965162333528,0.39360735399279895
heart_rate,72.0,0.5272581150200348,1.645144867805882,0.3921507950034255
heart_rate,80.0,0.527794176015636,1.6450222573165663,0.39210548942283335
heart_rate,90.0,0.5287688681752735,1.643945031707374,0.39170715521952915
heart_rate,100.0,0.532298935111153,1.648351973126769,0.39333345286498866
heart_rate,110.0,0.5365399945792299,1.6519432321857017,0.3946523218737423
heart_rate,120.0,0.5391336992597179,1.6533593716939035,0.3951708157824891
youngs_modulus,500000.0,0.4236481407700655,1.4887953022037932,0.3283159890955141
youngs_modulus,1000000.0,0.47678184495633213,1.5696062996951863,0.36289756215033186
youngs_modulus,1500000.0,0.5272581150200348,1.645144867805882,0.3921507950034255
youngs_modulus,3000000.0,0.6391022772098767,1.8211404258726787,0.45089352485226036
youngs_modulus,6000000.0,0.7694207620055601,2.0459144324682,0.5112210050771304
youngs_modulus,12000000.0,0.9033391388436833,2.3020819047273364,0.5656105901590665
