ga,n,PI_obs,PI_fit,SD_obs,SD_pred,RI_obs,RI_pred,radius
15.29,28,1.2149999999999999,1.1850000000000005,2.885,2.9416735608328035,0.655,0.659986596719831,0.1226586436555402
16.86,100,1.1749999999999998,1.1500000000000012,2.81,2.8576891123280737,0.64,0.6500060087601587,0.1245717124142493
18.43,66,1.01,1.0100000000000013,2.435,2.538376784210178,0.59,0.606013539803258,0.1335932624438875
21.29,47,0.88,0.8900000000000006,2.21,2.2840487219618906,0.55,0.5621689047553279,0.1438326111285876
22.86,292,0.8,0.8000000000000002,2.07,2.108062636241121,0.52,0.5256018649828195,0.153171975741075
24.43,203,0.79,0.7800000000000002,2.05,2.0705937462905175,0.51,0.517025051752508,0.1554838389500355
26.43,49,0.75,0.7500000000000004,1.99,2.015067049348359,0.5,0.5037167604994939,0.1592737605397315
29.0,114,0.73,0.7300000000000006,1.96,1.9786540577873941,0.49,0.4946049406501819,0.1619774921947613
31.0,47,0.64,0.6699999999999999,1.82,1.873653648215984,0.45,0.46626666421732993,0.1709677187716041
33.0,77,0.63,0.6300000000000002,1.77,1.806743572388609,0.43,0.4465128392930557,0.1777996055687396
34.86,76,0.64,0.64,1.795,1.8232428532734841,0.445,0.4515262798344282,0.1760153298075807
36.86,83,0.65,0.6300000000000002,1.81,1.806743572388609,0.45,0.4465128392930557,0.1777996055687396
38.71,46,0.58,0.5900000000000002,1.73,1.7421290196121533,0.42,0.42598107241734845,0.1855002332748359
