ga_c,ga2,GA_weeks,pred_logPI,pred_PI,pred_PI_low90,pred_PI_high90
-12.101486928104574,146.44598587108587,14.0,0.3484207130122535,1.4168282024295975,1.023952533900628,1.9604445408742923
-11.851486928104574,140.4577424070336,14.25,0.33042629606953283,1.391561219116915,1.0056918926015064,1.9254829841980716
-11.601486928104574,134.59449894298132,14.5,0.31263568928034297,1.3670234190137724,0.9879582375621203,1.8915303877048766
-11.351486928104574,128.85625547892903,14.75,0.295048892644684,1.3431920292914894,0.9707351106857214,1.8585552409634571
-11.101486928104574,123.24301201487673,15.0,0.27766590616255576,1.3200451045954424,0.9540066518973652,1.826527178506359
-10.851486928104574,117.75476855082445,15.25,0.26048672983395854,1.2975614948816532,0.9377575758991683,1.7954169353258793
-10.601486928104574,112.39152508677216,15.5,0.24351136365889217,1.2757208146144747,0.9219731499092415,1.7651963042533563
-10.351486928104574,107.15328162271987,15.75,0.22673980763735668,1.254503413264573,0.9066391723403571,1.7358380951376533
-10.101486928104574,102.04003815866758,16.0,0.21017206176935208,1.2338903470492728,0.8917419523764802,1.707316095742689
-9.851486928104574,97.0517946946153,16.25,0.1938081260548783,1.2138633518600834,0.8772682904072866,1.6796050342876478
-9.601486928104574,92.18855123056301,16.5,0.17764800049393542,1.1944048173248187,0.863205459282659,1.6526805435571148
-9.351486928104574,87.45030776651072,16.75,0.16169168508652346,1.1754977619542049,0.8495411863509508,1.6265191265117975
-9.101486928104574,82.83706430245843,17.0,0.14593917983264235,1.157125809325218,0.8362636362465031,1.601098123333758
-8.851486928104574,78.34882083840616,17.25,0.1303904847322921,1.139273165255636,0.8233613943935196,1.5763956798431735
-8.601486928104574,73.98557737435387,17.5,0.11504559978547273,1.1219245959264152,0.8108234511949413,1.5523907172265856
-8.351486928104574,69.74733391030158,17.75,0.09990452499218426,1.1050654069105263,0.798639186876426,1.529062903019408
-8.101486928104574,65.63409044624929,18.0,0.08496726035242666,1.088681423068811,0.7867983569569319,1.5063926232881153
-7.851486928104574,61.645846982197,18.25,0.07023380586619996,1.072758969275254,0.7752910783187241,1.4843609559600834
-7.601486928104574,57.78260351814471,18.5,0.05570416153350405,1.0572848519358067,0.7641078158508879,1.462949645251455
-7.351486928104574,54.04436005409243,18.75,0.041378327354339106,1.0422463412665595,0.753239369641629,1.442141077145704
-7.101486928104574,50.43111659004014,19.0,0.027256303328705017,1.0276311542986378,0.7426768626957818,1.4219182558777579
-6.851486928104574,46.94287312598785,19.25,0.013338089456601782,1.0134274385787019,0.7324117291550373,1.4022647813806177
-6.601486928104574,43.57962966193556,19.5,-0.00037631426197054507,0.9996237565353604,0.7224357029994312,1.383164827653392
-6.351486928104574,40.34138619788328,19.75,-0.01388690782701199,0.9862090704831732,0.7127408072096213,1.364603122011554
-6.101486928104574,37.22814273383099,20.0,-0.02719369123852259,0.9731727282372115,0.703319343370422,1.3465649251820166
-5.851486928104574,34.239899269778704,20.25,-0.04029666449650229,0.9605044493123862,0.6941638816969526,1.3290360122073468
-5.601486928104574,31.37665580572642,20.5,-0.05319582760095113,0.9481943116829282,0.6852672514656135,1.3120026541250487
-5.351486928104574,28.63841234167413,20.75,-0.06589118055186907,0.9362327390785279,0.6766225318329093,1.2954516003894188
-5.101486928104574,26.025168877621844,21.0,-0.07838272334925617,0.9246104887947104,0.6682230430259144,1.2793700620049393
-4.851486928104574,23.536925413569556,21.25,-0.09067045599311235,0.9133186399960417,0.6600623378889102,1.2637456953415944
-4.601486928104574,21.17368194951727,21.5,-0.10275437848343769,0.9023485824917312,0.6521341937714286,1.2485665866038353
-4.351486928104574,18.93543848546498,21.75,-0.11463449082023211,0.8916920059641225,0.6444326047435992,1.2338212369262
-4.101486928104574,16.822195021412696,22.0,-0.12631079300349565,0.8813408896314461,0.6369517741253431,1.2194985480698153
-3.851486928104574,14.833951557360407,22.25,-0.13778328503322837,0.8712874923270517,0.6296861073165574,1.2055878086951737
-3.601486928104574,12.97070809330812,22.5,-0.14905196690943018,0.8615243429781357,0.6226302049160194,1.1920786811876882
-3.351486928104574,11.232464629255833,22.75,-0.16011683863210108,0.8520442314677493,0.6157788561172909,1.1789611890135867
-3.101486928104574,9.619221165203546,23.0,-0.17097790020124115,0.8428401998646022,0.6091270323704298,1.166225704584718
-2.851486928104574,8.13097770115126,23.25,-0.18163515161685034,0.8339055340058728,0.6026698812988226,1.1538629376118092
-2.601486928104574,6.767734237098973,23.5,-0.19208859287892865,0.8252337554188998,0.5964027208609307,1.1418639239266293
-2.351486928104574,5.529490773046686,23.75,-0.20233822398747606,0.8168186135682703,0.5903210337472008,1.1302200147543957
-2.101486928104574,4.416247308994399,24.0,-0.2123840449424926,0.8086540784154191,0.5844204620028307,1.1189228664186017
-1.851486928104574,3.428003844942112,24.25,-0.22222605574397827,0.8007343332784368,0.5786968018674988,1.1079644304612373
-1.601486928104574,2.564760380889825,24.5,-0.2318642563919331,0.7930537679803369,0.5731459988235642,1.0973369441621446
-1.351486928104574,1.8265169168375381,24.75,-0.241298646886357,0.7856069722745592,0.5677641428446278,1.0870329214419847
-1.101486928104574,1.2132734527852511,25.0,-0.25052922722725,0.778388729536992,0.5625474638367091,1.0770451441339786
-0.851486928104574,0.7250299887329641,25.25,-0.2595559974146122,0.7713940107142778,0.5574923272646402,1.0673666536102682
-0.601486928104574,0.361786524680677,25.5,-0.2683789574484435,0.7646179685186297,0.5525952299566154,1.057990742749366
-0.35148692810457405,0.12354306062839,25.75,-0.27699810732874386,0.7580559318598233,0.54785279608015,1.0489109482317853
-0.10148692810457405,0.010299596576102982,26.0,-0.2854134470555134,0.7517034005054553,0.5432617732830078,1.0401210431515169
0.14851307189542595,0.02205613252381596,26.25,-0.29362497662875203,0.745556039960959,0.5388190289929494,1.0316150299315812
0.39851307189542595,0.15881266847152894,26.5,-0.3016326960484598,0.7396096765612563,0.5345215468704322,1.0233871335324192
0.648513071895426,0.4205692044192419,26.75,-0.30943660531463674,0.7338602927662942,0.5303664234086579,1.0154317949423937
0.898513071895426,0.8073257403669549,27.0,-0.3170367044272827,0.7283040226530655,0.5263508646756226,1.0077436649401652
1.148513071895426,1.319082276314668,27.25,-0.32443299338639786,0.7229371475970581,0.5224721831930667,1.000317598119176
1.398513071895426,1.9558388122623809,27.5,-0.3316254721919822,0.7177560921363958,0.5187277949474576,0.9931486471649217
1.648513071895426,2.717595348210094,27.75,-0.3386141408440355,0.7127574200122493,0.5151152165283654,0.9862320573761252
1.898513071895426,3.604351884157807,28.0,-0.345398999342558,0.7079378303793915,0.511632062389802,0.9795632614213383
2.148513071895426,4.61610842010552,28.25,-0.35198004768754965,0.7032941541810617,0.5082760422303078,0.9731378743228938
2.398513071895426,5.752864956053233,28.5,-0.3583572858790104,0.6988233506825733,0.505044958487763,0.9669516886605083
2.648513071895426,7.014621492000946,28.75,-0.36453071391694025,0.6945225041583671,0.5019367039450975,0.9610006699872072
2.898513071895426,8.401378027948658,29.0,-0.3705003318013393,0.6903888207274654,0.4989492594432471,0.9552809524505876
3.148513071895426,9.91313456389637,29.25,-0.3762661395322074,0.6864196253325233,0.4960806916978929,0.9497888346127764
3.398513071895426,11.549891099844084,29.5,-0.38182813710954466,0.6826123588579109,0.4933291512166764,0.9445207754627621
3.648513071895426,13.311647635791797,29.75,-0.38718632453335106,0.6789645753824853,0.49069287031375686,0.9394733906150956
3.898513071895426,15.19840417173951,30.0,-0.3923407018036265,0.6754739395629246,0.4881701612187273,0.934643448689248
4.148513071895426,17.210160707687223,30.25,-0.39729126892037114,0.6721382241437109,0.48575941427705993,0.9300278678642095
4.398513071895426,19.346917243634937,30.5,-0.40203802588358484,0.6689553075900468,0.4834590962393968,0.9256237126031914
4.648513071895426,21.60867377958265,30.75,-0.4065809726932677,0.6659231718401846,0.48126774863714133,0.921428190543556
4.898513071895426,23.995430315530363,31.0,-0.4109201093494197,0.663039900173838,0.4791839862419428,0.9174386495473689
5.148513071895426,26.507186851478075,31.25,-0.4150554358520408,0.6603036751935234,0.47720649560679673,0.9136525749082116
5.398513071895426,29.14394338742579,31.5,-0.418986952201131,0.6577127769158577,0.4753340336866111,0.9100675867101364
5.648513071895426,31.9056999233735,31.75,-0.42271465839669037,0.6552655809700046,0.47356542653620953,0.9066814373348837
5.898513071895426,34.792456459321215,32.0,-0.4262385544387189,0.6529605569006295,0.4718995680838642,0.9034920091137053
6.148513071895426,37.80421299526893,32.25,-0.42955864032721647,0.6507962665728814,0.470335418978564,0.9004973121203614
6.398513071895426,40.94096953121664,32.5,-0.43267491606218317,0.6487713626770741,0.46887200550933633,0.8976954821020691
6.648513071895426,44.202726067164356,32.75,-0.435587381643619,0.6468845873308909,0.4675084185950495,0.8950847785453936
6.898513071895426,47.58948260311207,33.0,-0.4382960370715239,0.645134770777082,0.4662438128432291,0.8926635828742716
7.148513071895426,51.10123913905978,33.25,-0.440800882345898,0.6435208301747676,0.4650774056765231,0.8904303967775542
7.398513071895426,54.73799567500749,33.5,-0.4431019174667412,0.6420417684825976,0.4640084765255536,0.8883838406636525
7.648513071895426,58.49975221095521,33.75,-0.4451991424340536,0.640696673432157,0.463036366086988,0.8865226522400513
7.898513071895426,62.38650874690292,34.0,-0.447092557247835,0.6394847165901333,0.4621604756457614,0.884845685215647
8.148513071895426,66.39826528285063,34.25,-0.4487821619080856,0.6384051525079008,0.46138026646047386,0.8833519081240367
8.398513071895426,70.53502181879834,34.5,-0.4502679564148053,0.6374573179572961,0.46069525921107973,0.882040403266074
8.648513071895426,74.79677835474605,34.75,-0.45154994076799415,0.6366406312514892,0.46010503350807647,0.8809103657701672
8.898513071895426,79.18353489069376,35.0,-0.4526281149676521,0.6359545916499768,0.45960922746248806,0.8799611027689775
9.148513071895426,83.69529142664149,35.25,-0.4535024790137791,0.6353987788468449,0.4592075373160289,0.8791920326913354
9.398513071895426,88.3320479625892,35.5,-0.4541730329063754,0.6349728525415688,0.4588997171309179,0.8786026846683631
9.648513071895426,93.09380449853691,35.75,-0.4546397766454406,0.6346765520917376,0.45868557853889924,0.8781926980529541
9.898513071895426,97.98056103448462,36.0,-0.4549027102309751,0.6345096962472054,0.45856499054911204,0.8779618220519223
10.148513071895426,102.99231757043233,36.25,-0.45496183366297854,0.6344721829652917,0.4585378794145337,0.8779099154702974
10.398513071895426,108.12907410638005,36.5,-0.4548171469414513,0.6345639893067644,0.45860422855680644,0.8780369465673978
10.648513071895426,113.39083064232776,36.75,-0.45446865006639314,0.63478517141246,0.45876407854934054,0.8783429930244817
10.898513071895426,118.77758717827547,37.0,-0.45391634303780404,0.6351358645605059,0.459017527158669,0.8788282420239225
11.148513071895426,124.2893437142232,37.25,-0.45316022585568405,0.6356162833042256,0.45936472944411305,0.8794929904400283
11.398513071895426,129.9261002501709,37.5,-0.4522002985200332,0.6362267216909265,0.45980589791590154,0.880337645141774
11.648513071895426,135.6878567861186,37.75,-0.45103656103085155,0.6369675535618801,0.4603413027519688,0.8813627234078798
11.898513071895426,141.5746133220663,38.0,-0.4496690133881389,0.637839232933923,0.46097127207374095,0.8825688534548283
12.148513071895426,147.58636985801405,38.25,-0.4480976555918955,0.6388422944632269,0.4616961922813058,0.8839567750785742
12.398513071895426,153.72312639396176,38.5,-0.446322487642121,0.639977353991898,0.4625165084484444,0.8855273404108669
12.648513071895426,159.98488292990947,38.75,-0.4443435095388159,0.641245109178188,0.4634327247780891,0.8872815147912648
12.898513071895426,166.37163946585719,39.0,-0.4421607212819798,0.6426463402112231,0.4644454051188645,0.8892203777560947
13.148513071895426,172.8833960018049,39.25,-0.4397741228716128,0.6441819106112722,0.46555517354344605,0.8913451241457715
13.398513071895426,179.5201525377526,39.5,-0.43718371430771497,0.6458527681167054,0.46676271498957295,0.8936570653320693
13.648513071895426,186.28190907370032,39.75,-0.4343894955902862,0.6476599456589188,0.468068775964633,0.8961576305671116
13.898513071895426,193.16866560964803,40.0,-0.4313914667193266,0.6496045624266282,0.4694741653148359,0.898848368456018
