model,ga_median,target_PI,estimate,pred_PI,n
radial,15.29,1.185,0.12263966267455685,1.185112641619482,20
distal,15.29,1.185,1.0829987894595134,1.8378004887248431,20
shunt,15.29,1.185,0.7999531227152907,1.8679067985271298,20
radial,16.86,1.15,0.12456377998147929,1.1500645956414264,121
distal,16.86,1.15,1.0829987767133833,1.767800488724848,121
shunt,16.86,1.15,0.7999531227152907,1.7979067985271295,121
radial,18.43,1.0,0.13434608647686003,1.0001646430572055,53
distal,18.43,1.0,1.0829987005346322,1.4678004887248803,53
shunt,18.43,1.0,0.7999531227152907,1.4979067985271297,53
radial,21.29,0.89,0.14382415960254782,0.8900567155673278,39
distal,21.29,0.89,1.082998604175173,1.247800488724922,39
shunt,21.29,0.89,0.7999531227152907,1.2779067985271295,39
radial,22.86,0.8,0.1531612420001813,0.8000162459014999,330
distal,22.86,0.8,1.0829984666544026,1.067800488724982,330
shunt,22.86,0.8,0.7999531227152907,1.0979067985271298,330
radial,24.43,0.78,0.15549160075697974,0.7801246875532978,179
distal,24.43,0.78,1.08299842257952,1.0278004887250012,179
shunt,24.43,0.78,0.7999531227152907,1.0579067985271298,179
radial,26.43,0.75,0.1592515536876123,0.7501107906933452,49
distal,26.43,0.75,1.0829983413603053,0.9678004887250372,49
shunt,26.43,0.75,0.7999531227152907,0.9979067985271296,49
radial,29.0,0.73,0.1619605724870384,0.7301194961242923,101
distal,29.0,0.73,1.0829982735953592,0.9278004887250679,101
shunt,29.0,0.73,0.7999531227152907,0.9579067985271296,101
radial,31.0,0.67,0.1709605081566456,0.6700049821473645,47
distal,31.0,0.67,1.0829979531173748,0.8078004887252173,47
shunt,31.0,0.67,0.7999531227152907,0.8379067985271297,47
radial,33.0,0.63,0.1777825614994144,0.6300778953344622,84
distal,33.0,0.63,1.0829975233734428,0.727800488725429,84
shunt,33.0,0.63,0.7999531227152907,0.7579067985271296,84
radial,34.86,0.64,0.17602938276449973,0.6400814148321639,76
distal,34.86,0.64,1.0829976604061846,0.7478004887253605,76
shunt,34.86,0.64,0.7999531227152907,0.7779067985271296,76
radial,36.86,0.635,0.17688785720015704,0.6350648125421684,88
distal,36.86,0.635,1.082997595186481,0.7378004887253929,88
shunt,36.86,0.635,0.7999531227152907,0.7679067985271296,88
radial,38.71,0.59,0.1854928563659823,0.5900054350417318,41
distal,38.71,0.59,1.0830027387203636,0.6478004887237568,41
shunt,38.71,0.59,0.7999531227152907,0.6779067985271295,41
