mechanism,value,PI,SD,RI
radial_radius,0.1,1.8794370307269759,5.002119175062039,0.8000847310904787
radial_radius,0.10200000000000001,1.783048491146897,4.6669726687724165,0.7857283359100887
radial_radius,0.10400000000000001,1.699065904565475,4.386329999893435,0.772018977134804
radial_radius,0.10600000000000001,1.6228680836949927,4.143645312968053,0.7586666028411322
radial_radius,0.10800000000000001,1.5527602365194195,3.9305773249627878,0.7455844479514299
radial_radius,0.11,1.4880807488654717,3.742122778365106,0.732771996209892
radial_radius,0.112,1.428250778381874,3.574325052732291,0.7202269001148682
radial_radius,0.114,1.3727630037746423,3.4240171425979473,0.7079453874342295
radial_radius,0.116,1.3237568878567743,3.293114313997564,0.6963360804848332
radial_radius,0.11800000000000001,1.278859788832732,3.1759135978552853,0.6851299730964637
radial_radius,0.12000000000000001,1.2367836238759822,3.0690785088619874,0.6741692996407579
radial_radius,0.122,1.1972565381840838,2.971275132334041,0.6634441593382621
radial_radius,0.124,1.1600390288951477,2.8813886777929767,0.6529451206263647
radial_radius,0.126,1.1249198723229454,2.798481380787638,0.6426633363133015
radial_radius,0.128,1.0917125893879898,2.721759597448079,0.6325906222806748
radial_radius,0.13,1.0602523702707778,2.6505478349247182,0.6227195046912246
radial_radius,0.132,1.0310692140771525,2.5853071757794943,0.6131987682668731
radial_radius,0.134,1.004621325145881,2.526396113450293,0.6041792517507072
radial_radius,0.136,0.979330903910761,2.471123734776542,0.5953258082843724
radial_radius,0.138,0.9551143525740071,2.4191588249212153,0.586633176086499
radial_radius,0.14,0.9318976468619717,2.370212744061272,0.578096944037801
radial_radius,0.14200000000000002,0.9096151166389286,2.3240327737001563,0.5697134690541078
radial_radius,0.14400000000000002,0.8882083748234456,2.28039661858297,0.5614797917822749
radial_radius,0.14600000000000002,0.8676253769994609,2.239107844783658,0.5533935525572599
radial_radius,0.14800000000000002,0.8478195964413051,2.1999920805705355,0.5454529092028982
radial_radius,0.15000000000000002,0.8287493012117884,2.1628938419763593,0.5376564579395894
radial_radius,0.15200000000000002,0.8103769216204181,2.127673872337843,0.5300031583782052
radial_radius,0.154,0.7926684977056029,2.0942069064111704,0.5224922633295609
radial_radius,0.156,0.775593197579131,2.0623797864665327,0.5151232539408775
radial_radius,0.158,0.759647145051645,2.0328026273154887,0.5080683256885612
radial_radius,0.16,0.7444996432242165,2.0049550415033734,0.5012356989061605
radial_radius,0.162,0.7298349651409068,1.9783547001360042,0.4945294693963353
radial_radius,0.164,0.7156376313005367,1.952934698114492,0.48795010864138255
radial_radius,0.166,0.7018963554557099,1.928641410536599,0.48150029625166374
radial_radius,0.168,0.6887295052726718,1.9057479280496405,0.4752716320550279
radial_radius,0.17,0.67597620241374,1.8838190747647474,0.46916345980577745
radial_radius,0.17200000000000001,0.6636250884556346,1.8628100236911318,0.46317660562158985
radial_radius,0.174,0.6516652021567586,1.842678511960934,0.4573117375011747
radial_radius,0.176,0.6400859161342345,1.823384608716612,0.4515693533774811
radial_radius,0.178,0.6288768864341341,1.804890515769725,0.44594977298468785
radial_radius,0.18,0.6180280129993474,1.787160395633759,0.440453133113784
radial_radius,0.182,0.6075294092773164,1.7701602224209203,0.4350793858465692
radial_radius,0.184,0.5973713794270125,1.7538576518392308,0.4298282993769063
radial_radius,0.186,0.587544401782061,1.7382219071536444,0.4246994610501085
radial_radius,0.188,0.5780391174057192,1.723223678501752,0.41969228227559824
radial_radius,0.19,0.5688463227344396,1.7088350333963365,0.41480600499365683
radial_radius,0.192,0.5599569654510574,1.6950293366168858,0.41003970940355344
radial_radius,0.194,0.5513621428572693,1.681781178001295,0.4053923226870423
radial_radius,0.196,0.5430531021290701,1.6690663069068068,0.4008626284876317
radial_radius,0.198,0.535021241939361,1.656861572323991,0.39644927693183596
radial_radius,0.2,0.5272581150200348,1.645144867805882,0.3921507950034255
radial_radius,0.202,0.5197554313126524,1.6338950805222778,0.3879655971053246
radial_radius,0.20400000000000001,0.51250506142334,1.6230920438714773,0.3838919956660302
radial_radius,0.20600000000000002,0.5054990401547951,1.6127164931826006,0.3799282116681531
radial_radius,0.20800000000000002,0.4987295699372667,1.6027500241246562,0.3760723849958129
radial_radius,0.21000000000000002,0.4921890240219513,1.593175053506643,0.372322584515142
radial_radius,0.21200000000000002,0.4858699493352903,1.583974782208724,0.36867681781803285
radial_radius,0.21400000000000002,0.47976506892195797,1.5751331600300327,0.36513304057357715
radial_radius,0.21600000000000003,0.47386728392857624,1.5666348522756846,0.36168916544438806
radial_radius,0.21800000000000003,0.4681696751000873,1.5584652079356198,0.35834307053628495
radial_radius,0.22,0.46266550377682697,1.5506102293322235,0.3550926073597141
radial_radius,0.222,0.4573482123931842,1.543056543133236,0.3519356082898548
radial_radius,0.224,0.4522114244888355,1.5357913726422603,0.3488698935197528
radial_radius,0.226,0.4472489442512701,1.528802511291782,0.34589327750708837
radial_radius,0.228,0.4424547556140969,1.5220782972737386,0.34300357492045974
radial_radius,0.23,0.4378230209397251,1.5156075892507253,0.3401986060954125
radial_radius,0.232,0.4333480793177687,1.5093797430973424,0.3374762020139896
radial_radius,0.234,0.42902444451214966,1.5033845896263012,0.3348342088243889
radial_radius,0.23600000000000002,0.4248468025905986,1.4976124132579625,0.33227049191949315
radial_radius,0.23800000000000002,0.4208368982694631,1.4920853729523427,0.3297970624687974
radial_radius,0.24000000000000002,0.41698130724546184,1.4867845858735615,0.327407608673553
radial_radius,0.24200000000000002,0.4132536218496252,1.481676313446463,0.32508875864125586
radial_radius,0.24400000000000002,0.4096494126903289,1.476752745434382,0.3228385705788187
radial_radius,0.246,0.406164389905825,1.4720064081122928,0.32065513133030166
radial_radius,0.248,0.40279440097727837,1.467430149903547,0.31853655857777674
radial_radius,0.25,0.3995354283157208,1.4630171275475052,0.31648100273690793
radial_radius,0.252,0.39638358665718243,1.4587607927887463,0.3144866485695183
radial_radius,0.254,0.39333512029742745,1.4546548795775585,0.3125517165347105
radial_radius,0.256,0.39038640019500465,1.4506933917705958,0.31067446389930603
radial_radius,0.258,0.387533920968709,1.4468705913198463,0.30885318562747727
radial_radius,0.26,0.38477429781308053,1.4431809869374594,0.30708621506850875
radial_radius,0.262,0.3821042633532427,1.439619323223492,0.305371924460647
radial_radius,0.264,0.379520664458186,1.4361805702432415,0.30370872526799814
radial_radius,0.266,0.3770204590295679,1.4328599135405558,0.30209506836643313
radial_radius,0.268,0.37460071278120977,1.4296527445733156,0.3005294440934654
radial_radius,0.27,0.3722585960227102,1.42655465155718,0.2990103821760821
radial_radius,0.272,0.3699913804589805,1.4235614107036414,0.2975364515495558
radial_radius,0.274,0.36779643601604045,1.4206689778384958,0.29610626007934004
radial_radius,0.276,0.365671227702029,1.417873480386901,0.2947184541972491
radial_radius,0.278,0.3636133125111785,1.4151712097113707,0.29337171846228155
radial_radius,0.28,0.3616203363773554,1.412558613789222,0.2920647750556161
radial_radius,0.28200000000000003,0.3596900311827609,1.4100322902162472,0.2907963832185455
radial_radius,0.28400000000000003,0.35782021182646634,1.4075889795236263,0.289565338641375
radial_radius,0.28600000000000003,0.3560087733566314,1.4052255587954119,0.28837047281062805
radial_radius,0.28800000000000003,0.35425368816950564,1.4029390355742115,0.2872106523212477
radial_radius,0.29000000000000004,0.35255300327765215,1.400726542043037,0.2860847781598792
radial_radius,0.29200000000000004,0.3509048376492489,1.398585329471647,0.2849917849647567
radial_radius,0.29400000000000004,0.34930737961977193,1.3965127629160314,0.2839306402671757
radial_radius,0.29600000000000004,0.34775888437694197,1.3945063161601066,0.2829003437190688
radial_radius,0.29800000000000004,0.3462576715193537,1.392563566888993,0.28189992631071464
radial_radius,0.30000000000000004,0.3448021226888939,1.3906821920836763,0.28092844958222435
radial_radius,0.30200000000000005,0.34339067927671085,1.3888599636271817,0.2799850048320388
radial_radius,0.30400000000000005,0.3420218402022324,1.3870947441127728,0.2790687123253215
radial_radius,0.30600000000000005,0.3406941597645068,1.3853844828450637,0.2781787205048143
radial_radius,0.30800000000000005,0.33940624556490967,1.3837272120252528,0.27731420520640154
radial_radius,0.31,0.33815675650012816,1.3821210431120887,0.27647436888137955
radial_radius,0.312,0.3369444008241449,1.3805641633504702,0.27565843982715355
radial_radius,0.314,0.3357679342778652,1.379054832459965,0.2748656714278757
radial_radius,0.316,0.33462615828489983,1.3775913794758212,0.2740953414063147
radial_radius,0.318,0.3335179182119574,1.376172199735393,0.2733467510880706
radial_radius,0.32,0.33244210169222904,1.3747957520031864,0.27261922467906907
radial_radius,0.322,0.331397637010098,1.3734605557280433,0.271912108557118
radial_radius,0.324,0.3303834915454839,1.3721651884262704,0.27122477057817274
radial_radius,0.326,0.3293986702761007,1.370908283184789,0.27055659939782645
radial_radius,0.328,0.3284422143358966,1.3696885262786591,0.2699070038084316
radial_radius,0.33,0.32751319962794406,1.3685046548975783,0.26927541209215544
radial_radius,0.332,0.3266107354900557,1.3673554549762228,0.26866127139018936
radial_radius,0.334,0.32573396341140426,1.3662397591235107,0.2680640470882402
radial_radius,0.336,0.32488205579845186,1.3651564446461177,0.26748322221837023
radial_radius,0.338,0.3240542147885178,1.3641044316617876,0.26691829687718716
radial_radius,0.33999999999999997,0.32324967110932745,1.3630826812981833,0.26636878766032573
radial_radius,0.34199999999999997,0.32246768298292944,1.362090193973232,0.2658342271131186
radial_radius,0.344,0.321707535072398,1.3611260077531138,0.2653141631973108
radial_radius,0.346,0.3209685374697651,1.3601891967842137,0.26480815877363245
radial_radius,0.348,0.3202500247236765,1.3592788697955458,0.2643157911000163
radial_radius,0.35,0.3195513549052947,1.3583941686683176,0.2638366513452161
radial_radius,0.352,0.3188719087110158,1.3575342670694668,0.2633703441175613
radial_radius,0.354,0.3182110886006122,1.3566983691461534,0.26291648700856307
radial_radius,0.356,0.31756831796944174,1.3558857082783304,0.2624747101510681
radial_radius,0.358,0.31694304035342424,1.355095545886674,0.26204465579165176
radial_radius,0.36,0.316334718665506,1.3543271702932522,0.26162597787691866
radial_radius,0.362,0.3157428344623923,1.3535798956324756,0.26121834165338376
radial_radius,0.364,0.3151668872403617,1.3528530608099643,0.260821423280595
radial_radius,0.366,0.31460639375901056,1.3521460285070912,0.2604349094571514
radial_radius,0.368,0.31406088739183013,1.351458184229076,0.2600584970592792
radial_radius,0.37,0.31352991750254133,1.3507889353945872,0.2596918927916123
radial_radius,0.372,0.3130130488461675,1.350137710464938,0.25933481284984133
radial_radius,0.374,0.3125098609938446,1.3495039581110206,0.2589869825948801
radial_radius,0.376,0.31201994778042486,1.3488871464162484,0.2586481362382161
radial_radius,0.378,0.311542916773949,1.3482867621138253,0.2583180165381036
radial_radius,0.38,0.31107838876610755,1.3477023098567749,0.25799637450627094
radial_radius,0.382,0.31062599728283813,1.347133311519207,0.25768296912481015
radial_radius,0.384,0.3101853881142462,1.3465793055274,0.2573775670729315
radial_radius,0.386,0.30975621886306315,1.3460398462193275,0.2570799424632655
radial_radius,0.388,0.3093381585108849,1.3455145032313292,0.2567898765873995
radial_radius,0.39,0.3089308870014729,1.3450028609106952,0.2565071576703527
radial_radius,0.392,0.3085340948404161,1.3445045177529784,0.25623158063368673
radial_radius,0.394,0.30814748271049364,1.344019085862923,0.2559629468669685
radial_radius,0.396,0.30777076110208823,1.34354619043793,0.2557010640072976
radial_radius,0.398,0.3074036499580494,1.3430854692730596,0.25544574572663153
radial_radius,0.4,0.30704587833240055,1.3426365722865836,0.2551968115266328
radial_radius,0.402,0.30669718406234,1.342199161065184,0.25495408654078655
radial_radius,0.404,0.3063573134529854,1.34177290842791,0.2547174013435318
radial_radius,0.406,0.3060260209743391,1.341357498008053,0.2544865917661598
radial_radius,0.40800000000000003,0.3057030689699876,1.3409526238521607,0.2542614987192497
radial_radius,0.41000000000000003,0.30538822737704424,1.3405579900354117,0.2540419680214025
radial_radius,0.41200000000000003,0.30508127345688224,1.3401733102926348,0.25382785023405363
radial_radius,0.41400000000000003,0.30478199153622426,1.339798307664291,0.2536190005021511
radial_radius,0.41600000000000004,0.3044901727581586,1.3394327141567506,0.2534152784004853
radial_radius,0.41800000000000004,0.3042056148426832,1.3390762704162422,0.2532165477854692
radial_radius,0.42000000000000004,0.30392812185639295,1.3387287254158842,0.2530226766521769
radial_radius,0.42200000000000004,0.3036575039909366,1.3383898361552184,0.25283353699644656
radial_radius,0.42400000000000004,0.30339357734988776,1.33805936737171,0.2526490046818662
radial_radius,0.42600000000000005,0.3031361637436945,1.3377370912636968,0.2524689593114687
radial_radius,0.42800000000000005,0.3028850904923785,1.3374227872242923,0.25229328410396296
radial_radius,0.43000000000000005,0.30264019023566807,1.3371162415857687,0.2521218657743337
radial_radius,0.43200000000000005,0.3024013007502774,1.3368172473739819,0.2519545944186605
radial_radius,0.43400000000000005,0.3021682647740306,1.336525604072394,0.25179136340299085
radial_radius,0.43600000000000005,0.3019409298365659,1.3362411173952977,0.2516320692561267
radial_radius,0.43800000000000006,0.30171914809635597,1.3359635990698482,0.25147661156618306
radial_radius,0.44000000000000006,0.3015027761837866,1.335692866626526,0.25132489288077425
radial_radius,0.44200000000000006,0.3012916750500597,1.3354287431976837,0.25117681861070296
radial_radius,0.44400000000000006,0.30108570982168226,1.3351710573238278,0.2510322969370183
radial_radius,0.44600000000000006,0.30088474966032436,1.33491964276732,0.2508912387213238
radial_radius,0.44800000000000006,0.3006886676278311,1.3346743383331816,0.2507535574192145
radial_radius,0.45000000000000007,0.30049734055618427,1.3344349876967094,0.2506191689967288
radial_radius,0.45199999999999996,0.30031064892222215,1.3342014392376216,0.25048799184970766
radial_radius,0.45399999999999996,0.3001284767269247,1.333973545880459,0.25035994672595047
radial_radius,0.45599999999999996,0.2999507113790891,1.3337511649409879,0.2502349566500696
radial_radius,0.45799999999999996,0.2997772435832234,1.3335341579783597,0.25011294685094393
radial_radius,0.45999999999999996,0.29960796723149075,1.3333223906527856,0.24999384469167518
radial_radius,0.46199999999999997,0.2994427792995459,1.333115732588504,0.2498775796019561
radial_radius,0.46399999999999997,0.29928157974612,1.3329140572418339,0.24976408301276737
radial_radius,0.46599999999999997,0.2991242714161979,1.3327172417740936,0.2496532882933106
radial_radius,0.46799999999999997,0.2989707599476548,1.332525166929197,0.2495451306901025
radial_radius,0.47,0.29882095368121986,1.332337716915743,0.24943954726814965
radial_radius,0.472,0.2986747635736318,1.332154779293404,0.24933647685412663
radial_radius,0.474,0.2985321031138724,1.3319762448634576,0.24923585998148853
radial_radius,0.476,0.2983928882423543,1.3318020075632868,0.24913763883744539
radial_radius,0.478,0.298257037272952,1.331631964364693,0.24904175721173152
radial_radius,0.48,0.29812447081776555,1.3314660151758706,0.2489481604471053
radial_radius,0.482,0.2979951117145198,1.3313040627469033,0.24885679539151845
radial_radius,0.484,0.2978688849564878,1.331146012578636,0.24876761035189135
radial_radius,0.486,0.29774571762485386,1.330991772834795,0.24868055504944006
radial_radius,0.488,0.29762553882341786,1.33084125425723,0.2485955805764974
radial_radius,0.49,0.2975082796155585,1.3306943700841574,0.24851263935477777
radial_radius,0.492,0.2973938729633583,1.3305510359712773,0.24843168509502628
radial_radius,0.494,0.2972822536688273,1.3304111699156738,0.2483526727580139
radial_radius,0.496,0.2971733583171325,1.3302746921823705,0.24827555851682126
radial_radius,0.498,0.2970671252217659,1.330141525233455,0.248200299720371
radial_radius,0.5,0.2969634943715736,1.330011593659659,0.24812685485815908
terminal_resistance,0.2,0.4728448208628617,1.5643406139759595,0.3607530284223843
terminal_resistance,0.248,0.4816403134161469,1.5771302550029171,0.365936962512871
terminal_resistance,0.29600000000000004,0.4893683553608844,1.5884640209722016,0.3704610322946055
terminal_resistance,0.34400000000000003,0.4961457892990847,1.5984803844209587,0.37440583585125137
terminal_resistance,0.392,0.50207530062239,1.60730458058669,0.37784038440618073
terminal_resistance,0.44,0.507247343989237,1.615049850877982,0.38082406592194373
terminal_resistance,0.48800000000000004,0.5117417778862289,1.621818584076867,0.383408224681803
terminal_resistance,0.536,0.5156292559643881,1.6277033592101322,0.38563744164952435
terminal_resistance,0.5840000000000001,0.5189724149971361,1.6327878952440043,0.3875505796479709
terminal_resistance,0.632,0.5218268921958713,1.6371479134749771,0.3891816421905213
terminal_resistance,0.6799999999999999,0.5242421988776055,1.640851918840565,0.39056048354040046
terminal_resistance,0.728,0.5262624728247711,1.6439619064595061,0.39171339915434233
terminal_resistance,0.776,0.5279271278896579,1.646533999610267,0.39266361931384414
terminal_resistance,0.8240000000000001,0.5292714163020262,1.648619025129354,0.39343172391114556
terminal_resistance,0.8720000000000001,0.5303269166020715,1.6502630319019211,0.3940359926456668
terminal_resistance,0.9199999999999999,0.5311219580343797,1.6515077577598634,0.39449270201647796
terminal_resistance,0.968,0.5316819905162438,1.6523910497213012,0.3948163782606642
terminal_resistance,1.016,0.5320299078674683,1.6529472421175309,0.39502001363398853
terminal_resistance,1.064,0.5321863308039896,1.6532074967713486,0.39511525204612125
terminal_resistance,1.112,0.5321698552103943,1.6532001090223036,0.39511254896335796
terminal_resistance,1.16,0.5319972703813848,1.6529507830452386,0.3950213096135291
terminal_resistance,1.208,0.5316837512307442,1.6524828795814552,0.39485000882231086
terminal_resistance,1.256,0.5312430278852641,1.6518176388986436,0.39460629524046364
terminal_resistance,1.304,0.53070985348987,1.6510017580408063,0.3943071258829732
terminal_resistance,1.352,0.5303658388559862,1.6503843073214763,0.39408052078308375
terminal_resistance,1.4,0.5299265688797485,1.6496197198138352,0.39379968123025766
terminal_resistance,1.448,0.5294011241771054,1.6487222701669308,0.39346970797043257
terminal_resistance,1.496,0.5287977658517453,1.647704976944698,0.39309523610575164
terminal_resistance,1.544,0.5281240155225042,1.6465797177753774,0.3926804823327614
terminal_resistance,1.592,0.5273867267396516,1.645357333325573,0.39222928676604607
terminal_resistance,1.64,0.5265921488086917,1.6440477212375797,0.39174515004513605
terminal_resistance,1.688,0.5257459839087201,1.6426599210490285,0.39123126632237776
terminal_resistance,1.736,0.5248534382792762,1.6412021910069579,0.3906905526451613
terminal_resistance,1.784,0.5239192681520894,1.6396820775926755,0.39012567517468666
terminal_resistance,1.832,0.5229478210199425,1.6381064784882644,0.3895390726231328
terminal_resistance,1.88,0.5219430727620331,1.6364816996391511,0.38893297723982934
terminal_resistance,1.928,0.5209086610820991,1.6348135069989247,0.3883094336333632
terminal_resistance,1.976,0.5198479156607383,1.6331071734815976,0.3876703156792126
terminal_resistance,2.024,0.5187638853757008,1.6313675215921246,0.3870173417305407
terminal_resistance,2.072,0.5176593629023787,1.6295989621573472,0.38635208832230206
terminal_resistance,2.12,0.5165369069704614,1.6278055295361538,0.38567600253517265
terminal_resistance,2.168,0.5153988625210462,1.625990913648858,0.38499041316539867
terminal_resistance,2.216,0.5142473789807209,1.6241584891311514,0.38429654082899684
terminal_resistance,2.2640000000000002,0.5130844268448286,1.6223113418870385,0.38359550711343665
terminal_resistance,2.3120000000000003,0.5119118127407312,1.6204522932874634,0.3828883428766249
terminal_resistance,2.3600000000000003,0.510731193123096,1.6185839222365654,0.38217599578142597
terminal_resistance,2.4080000000000004,0.5095440867366964,1.616708585305395,0.3814593371438671
terminal_resistance,2.4560000000000004,0.5083518859675628,1.6148284351129951,0.38073916816430936
terminal_resistance,2.5040000000000004,0.5071558671904822,1.612945437117086,0.38001622560316733
terminal_resistance,2.552,0.5059572002093919,1.61106138496059,0.37929118695594444
terminal_resistance,2.6,0.504756956877127,1.6091779145059977,0.37856467517639864
terminal_resistance,2.648,0.5035561189720204,1.6072965166767563,0.37783726299139975
terminal_resistance,2.696,0.5023555854009032,1.6054185492133592,0.37710947684640184
terminal_resistance,2.744,0.5011561787909791,1.603545247441506,0.37638180051637243
terminal_resistance,2.7920000000000003,0.49995865152675073,1.6016777341403938,0.3756546784133882
terminal_resistance,2.8400000000000003,0.4987636912825785,1.599817028590889,0.3749285186189104
terminal_resistance,2.8880000000000003,0.4976538424704544,1.598062499029477,0.3742422460903048
terminal_resistance,2.9360000000000004,0.49668949105964294,1.596486606447146,0.3736245603554291
terminal_resistance,2.9840000000000004,0.49573754149711846,1.5949371011272475,0.37301602721935934
terminal_resistance,3.032,0.49481287455171347,1.5934420816094865,0.3724277703335593
terminal_resistance,3.08,0.4938903710243716,1.5919531689040471,0.37184081822681203
terminal_resistance,3.128,0.4929704571314294,1.5904709728236825,0.3712554223956537
terminal_resistance,3.176,0.49205352303275973,1.5889960463188315,0.3706718136167405
terminal_resistance,3.224,0.4911399255215276,1.587528889858183,0.3700902034675212
terminal_resistance,3.2720000000000002,0.490229990504779,1.5860699554660818,0.36951078572940976
terminal_resistance,3.3200000000000003,0.48932401529240177,1.5846196504452381,0.3689337376833455
terminal_resistance,3.3680000000000003,0.4884222707103562,1.5831783408106235,0.368359221306693
terminal_resistance,3.4160000000000004,0.4875250030526932,1.5817463544582162,0.3677873843796387
terminal_resistance,3.4640000000000004,0.4866324358855351,1.5803239840901622,0.3672183615084924
terminal_resistance,3.5120000000000005,0.48574477171507036,1.578911489916073,0.3666522750726483
terminal_resistance,3.56,0.4848621935305182,1.5775091021484622,0.3660892361013533
terminal_resistance,3.608,0.4839848662320967,1.576117023308812,0.36552934508590235
terminal_resistance,3.656,0.48311293795313603,1.5747354303593217,0.364972692732378
terminal_resistance,3.704,0.4822465412847047,1.573364476674145,0.36441936065961716
terminal_resistance,3.7520000000000002,0.4813857944104022,1.5720042938627508,0.3638694220466878
terminal_resistance,3.8000000000000003,0.4805308021583259,1.5706549934569862,0.36332294223378986
terminal_resistance,3.8480000000000003,0.4796816569766231,1.56931666847246,0.36277997928016714
terminal_resistance,3.8960000000000004,0.4788384398385194,1.5679893948539902,0.362240584482321
terminal_resistance,3.9440000000000004,0.47800122108220827,1.5666732328140491,0.36170480285553486
terminal_resistance,3.9920000000000004,0.4771700611905646,1.5653682280724246,0.361172673581482
terminal_resistance,4.04,0.4763450115152192,1.5640744130046338,0.36064423042445276
terminal_resistance,4.088,0.47552611494918223,1.5627918077060279,0.36011950211854
terminal_resistance,4.136,0.47471340655184713,1.5615204209779565,0.359598512727925
terminal_resistance,4.184,0.47390691412992364,1.5602602512418755,0.35908128198224704
terminal_resistance,4.232,0.47310665877753777,1.5590112873867765,0.35856782558886685
terminal_resistance,4.28,0.47231265537851014,1.5577735095549334,0.35805815552370845
terminal_resistance,4.328,0.47152491307356426,1.556546889870537,0.3575522803022187
terminal_resistance,4.376,0.47074343569501187,1.555331393115437,0.35705020523187
terminal_resistance,4.424,0.46996822217127415,1.5541269773559105,0.35655193264752777
terminal_resistance,4.472,0.4691992669033929,1.552933594524021,0.3560574621308884
terminal_resistance,4.5200000000000005,0.4684365601155429,1.5517511909569062,0.35556679071511593
terminal_resistance,4.5680000000000005,0.4676800881813934,1.5505797078970511,0.3550799130757141
terminal_resistance,4.6160000000000005,0.4669298339280263,1.5494190819563745,0.35459682170859175
terminal_resistance,4.664000000000001,0.4661857769189966,1.5482692455467453,0.35411750709621126
terminal_resistance,4.712000000000001,0.4654478937179941,1.5471301272793467,0.35364195786264196
terminal_resistance,4.760000000000001,0.4647161581344612,1.5460016523351199,0.3531701609182793
terminal_resistance,4.808000000000001,0.46399054145242474,1.5448837428083622,0.3527021015949375
terminal_resistance,4.856,0.46327101264369874,1.543776318025384,0.3522377637719682
terminal_resistance,4.904,0.4625575385665389,1.5426792948400088,0.3517771299940147
terminal_resistance,4.952,0.461850084150748,1.541592587907549,0.3513201815809644
terminal_resistance,5.0,0.461148612570152,1.5405161099387785,0.35086689873062027
av_radius,0.05,0.7474520344062184,2.0160449813623518,0.5039793212727598
av_radius,0.0575,0.7458493912955242,2.0130230803185447,0.5032347071540988
av_radius,0.065,0.7434647624659132,2.008547448035445,0.5021277685134611
av_radius,0.07250000000000001,0.7401050406284124,2.002272223935691,0.5005674113411075
av_radius,0.08,0.735580522834993,1.9938674655166744,0.49846215092292095
av_radius,0.0875,0.7297198191800475,1.983049697757106,0.49572620336694906
av_radius,0.095,0.7223866500152212,1.9696149901101803,0.492286561068435
av_radius,0.10250000000000001,0.7134967736552845,1.9534702065255354,0.48809047782785925
av_radius,0.11,0.7030326326943462,1.9346569776091438,0.4831125044007524
av_radius,0.11750000000000001,0.6910530563338841,1.9133630424415315,0.4773600316205763
av_radius,0.125,0.6776957340165018,1.8899172645685531,0.47087630831908994
av_radius,0.1325,0.6631712369682484,1.864767653008833,0.46374016173731686
av_radius,0.14,0.6477489098111002,1.838445302997923,0.456062142088581
av_radius,0.14750000000000002,0.6317365607558242,1.8115201541963166,0.4479774361419394
av_radius,0.155,0.6154570541867407,1.7845558590252817,0.43963648156903495
av_radius,0.16249999999999998,0.5992253040456151,1.7580705042064824,0.43119459793715315
av_radius,0.16999999999999998,0.5833287198551348,1.7325078282555482,0.4228020308532204
av_radius,0.1775,0.5680130998890285,1.7082208035031103,0.4145955850969244
av_radius,0.185,0.5534746873545022,1.685466914693178,0.40669259581281086
av_radius,0.1925,0.5398579774982196,1.6644127585216508,0.39918749427983796
av_radius,0.2,0.5272581150200348,1.645144867805882,0.3921507950034255
av_radius,0.20750000000000002,0.5157264055021279,1.6276837550368333,0.3856300421347077
av_radius,0.21499999999999997,0.5052775037565151,1.6119987499481756,0.37965212440012797
av_radius,0.22249999999999998,0.49589709971727314,1.5980219625432501,0.37422637270360093
av_radius,0.22999999999999998,0.48754926594430154,1.5856604184756218,0.3693479459105423
av_radius,0.2375,0.4801829640373778,1.574805976896995,0.36500114003224404
av_radius,0.245,0.47373747826139234,1.5653430238500239,0.361162387563807
av_radius,0.2525,0.46814673687368474,1.5571541571926681,0.35780282550646075
av_radius,0.26,0.46334260046180964,1.5501241814833386,0.35489039397922045
av_radius,0.2675,0.45925725757727637,1.5441427541296868,0.35239148237714446
av_radius,0.27499999999999997,0.4558248886690049,1.5391060010418582,0.35027217142738987
av_radius,0.2825,0.45298275515675424,1.5349173750737903,0.34849913341301153
av_radius,0.29,0.45067185306810714,1.5314879790213174,0.3470402551647579
av_radius,0.2975,0.448837247873978,1.5287365255694987,0.345865043927389
av_radius,0.305,0.4474281838139971,1.5265890635245423,0.34494486833854915
av_radius,0.3125,0.4463980397029833,1.524978564325474,0.34425307778518294
av_radius,0.32,0.44570418508967174,1.5238444350589024,0.34376503467603237
av_radius,0.32749999999999996,0.44530777595485277,1.523132003107093,0.3434580863903698
av_radius,0.33499999999999996,0.4451735176675558,1.5227920019946026,0.34331149711177406
av_radius,0.34249999999999997,0.4452694142270217,1.5227800768124133,0.3433063544584403
av_radius,0.35,0.44556651640390155,1.5230563197667326,0.3434254616709398
av_radius,0.3575,0.4460386767754485,1.5235848410690573,0.3436532229486297
av_radius,0.365,0.44666231640478754,1.5243333768742713,0.34397552715761265
av_radius,0.3725,0.4474162056940895,1.525272933759413,0.3443796333976423
av_radius,0.37999999999999995,0.44828126046750005,1.5263774679225839,0.3448540606662579
av_radius,0.38749999999999996,0.4492403533971215,1.527623596579076,0.34538848297487923
av_radius,0.39499999999999996,0.45027814031264385,1.528990338731182,0.3459736306575747
av_radius,0.40249999999999997,0.45138090061355335,1.530458882442012,0.34660119819462754
av_radius,0.41,0.45255422385359895,1.532033340750625,0.34727269087365514
av_radius,0.4175,0.45387637437697714,1.5338035262345493,0.3480260131785093
av_radius,0.425,0.45523179148938525,1.5356315497852748,0.34880212630443247
av_radius,0.4325,0.4566115376634952,1.5375049720291158,0.3495955992387757
av_radius,0.44,0.4580076961847845,1.5394126845217877,0.35040161091653865
av_radius,0.44749999999999995,0.4594132784840698,1.5413447881041726,0.35121589425167965
av_radius,0.45499999999999996,0.46082213884142065,1.5432924824124465,0.3520346846782936
av_radius,0.46249999999999997,0.46222889586678145,1.5452479653328324,0.3528546728844202
av_radius,0.47,0.4636288602280489,1.547204341353184,0.35367296143610827
av_radius,0.4775,0.4650179681537188,1.5491555379032347,0.3544870250062242
av_radius,0.485,0.4663927202851232,1.5510962288949341,0.3552946739400934
av_radius,0.4925,0.46775012549361544,1.553021764776166,0.35609402090760267
av_radius,0.49999999999999994,0.46908764931194136,1.5549281084976725,0.3568834504084104
av_radius,0.5075,0.470403166657517,1.556811776866313,0.35766159091313693
av_radius,0.515,0.47169491854938356,1.5586697868197814,0.35842728943868124
av_radius,0.5225,0.47296147254112647,1.5604996062103105,0.35917958837009234
av_radius,0.53,0.47420168660982986,1.5622991087292764,0.3599177043547265
av_radius,0.5375,0.47541467625670664,1.5640665326421184,0.36064100910673036
av_radius,0.545,0.4765997845890625,1.5658004430349561,0.36134901197133257
av_radius,0.5525,0.4777565551659956,1.5674996973014843,0.3620413441090028
av_radius,0.56,0.4788847074020969,1.5691634136220984,0.3627177441693591
av_radius,0.5675,0.47998411433460897,1.5707909422074087,0.36337804533382706
av_radius,0.5750000000000001,0.4810547825701878,1.5723818390959137,0.36402216361454615
av_radius,0.5825,0.48209683423773575,1.5739358423111378,0.36465008730494447
av_radius,0.5900000000000001,0.48311049078376306,1.5754528501973446,0.3652618674848074
av_radius,0.5975,0.48409605845649717,1.5769329017654181,0.3658576094896152
av_radius,0.605,0.4850539153344321,1.578376158891811,0.3664374652604313
av_radius,0.6125,0.4859844997642778,1.5797828902239304,0.3670016264967571
av_radius,0.62,0.486888300082235,1.5811534566549728,0.3675503185405157
av_radius,0.6275000000000001,0.4877658455012404,1.5824882982403086,0.36808379492475396
av_radius,0.635,0.4886176980552277,1.5837879224360123,0.3686023325257415
av_radius,0.6425000000000001,0.489444445499535,1.585052893548199,0.36910622726194114
av_radius,0.65,0.49024669507431784,1.5862838232894425,0.3695957902878177
av_radius,0.6575,0.4910250680452172,1.5874813623458026,0.3700713446346786
av_radius,0.665,0.49178019494251957,1.5886461928648516,0.3705332222546852
av_radius,0.6725,0.49251271142666764,1.5897790217816286,0.3709817614278725
av_radius,0.68,0.4932232547142015,1.5908805749056243,0.37141730449545346
av_radius,0.6875,0.49391246050405224,1.5919515916977807,0.3718401958859048
av_radius,0.6950000000000001,0.4945809603495484,1.5929928206719994,0.3722507804032959
av_radius,0.7025,0.49522937942657413,1.594005015360905,0.372649401750103
av_radius,0.71,0.4958583346529989,1.5949889307904728,0.37303640125928506
av_radius,0.7175,0.49646843311886135,1.595945320412791,0.3734121168127802
av_radius,0.725,0.49706027079076465,1.5968749334504877,0.3737768819257342
av_radius,0.7325,0.4976344314576184,1.597778512610389,0.37413102497777456
av_radius,0.74,0.4981914858882356,1.5986567921277395,0.37447486857448276
av_radius,0.7475,0.49873199117432643,1.5995104961057323,0.37480872902387186
av_radius,0.755,0.49925649023526797,1.6003403371183804,0.3751329159142303
av_radius,0.7625000000000001,0.49976551146353015,1.6011470150476799,0.37544773178106855
av_radius,0.77,0.5002595684919646,1.601931216128777,0.37575347185218255
av_radius,0.7775,0.5007391600662302,1.6026936121793713,0.376050423861001
av_radius,0.785,0.501204770007521,1.6034348599918917,0.37633886791942595
av_radius,0.7925,0.5016568672524379,1.604155600869097,0.3766190764423217
av_radius,0.8,0.5020959059583903,1.6048564602857018,0.37689131411666765
