exam_type_raw,n,min,median,max,pi_nonmissing
{产科常规彩超检查;},576,14.0,30.29,39.86,575
{胎儿系统彩超检查;},520,13.0,23.29,27.43,520
{胎儿常规彩超检查(单胎);},76,15.71,17.78,39.71,76
{胎儿系统性筛查+胎儿血流动力学检测;},28,12.14,23.07,24.29,28
{胎儿常规彩超检查+可疑胎儿产前诊断;},21,26.14,29.0,31.29,21
{NT产科彩超检查;}；{胎儿系统彩超检查;},14,11.43,12.0,13.86,14
{产科常规彩超+孕妇-胎儿血流动力学检测;},7,32.0,33.0,36.86,7
{NT产科彩超检查;}；{胎儿系统彩超检查;}；{产科常规彩超检查;},3,11.0,11.29,11.71,3
{胎儿系统彩超+孕妇-胎儿血流动力学检测;},2,22.14,23.22,24.29,2
{胎儿系统性筛查+胎儿血流动力学+孕妇子宫动脉检测;},1,23.57,23.57,23.57,1
{产科常规彩超检查;32W前产科常规彩超检查;},1,29.0,29.0,29.0,1
{可疑胎儿异常+脐血流+胎盘彩超检查;},1,28.71,28.71,28.71,1
