week,median,q25,q75,n
14,1.05,0.935,1.3599999999999999,7
15,1.32,1.01,1.72,13
16,1.18,0.9924999999999999,1.4525,70
17,1.1,0.89,1.44,51
18,1.0,0.78,1.23,37
19,1.05,0.88,1.365,15
20,0.925,0.7975,1.1875,14
21,0.89,0.72,1.05,25
22,0.8,0.68,0.98,181
23,0.8,0.67,0.97,149
24,0.775,0.6575,0.9575,116
25,0.81,0.67,0.905,63
26,0.77,0.6,0.89,31
27,0.67,0.55,0.75,17
28,0.745,0.62,0.8674999999999999,50
29,0.73,0.63,0.82,51
30,0.67,0.575,0.83,23
31,0.575,0.55,0.725,24
32,0.62,0.53,0.71,35
33,0.63,0.525,0.735,48
34,0.665,0.5874999999999999,0.7775000000000001,40
35,0.6,0.5375000000000001,0.69,36
36,0.63,0.52,0.71,49
37,0.66,0.56,0.75,38
38,0.58,0.51,0.78,25
39,0.605,0.5525,0.6375,16
