parameter,value,SD,RI,PI,peak_velocity_cm_s,minimum_velocity_cm_s,mean_velocity_cm_s,notch_present,notch_ratio,total_resistance,steady_flow_ml_min,radial_radius_mm,av_radius_mm,terminal_resistance,terminal_compliance,uterine_radius_mm,arcuate_radius_mm,youngs_modulus_pa,heart_rate_bpm,n_timepoints
radial_radius_mm,0.1,5.002119175062039,0.8000847310904787,1.8794370307269759,8.262144297041988,1.6517287989124163,3.5172316976071443,True,0.14293816504000853,14.559234248528588,29.469947354302413,0.1,0.2,1.6,1e-08,2.0,2.0,1500000.0,72.0,84
radial_radius_mm,0.1125,3.535217643360498,0.7171319842561595,1.41399014249559,10.606782901316198,3.000319632721008,5.379431609876949,True,0.06208233714275967,9.52302535496947,45.05499574241863,0.1125,0.2,1.6,1e-08,2.0,2.0,1500000.0,72.0,84
radial_radius_mm,0.125,2.8391152815210847,0.6477775994132088,1.1422293533053924,13.675921366354629,4.816965853893617,7.755846482866945,True,0.012918499906005415,6.60687799436937,64.9413939819617,0.125,0.2,1.6,1e-08,2.0,2.0,1500000.0,72.0,84
radial_radius_mm,0.1375,2.4318564227543433,0.5887915130830831,0.9610720149024075,17.370146634260383,7.14275171499919,10.641653029819768,True,0.0052698926051629735,4.816280562383668,89.08531412687144,0.1375,0.2,1.6,1e-08,2.0,2.0,1500000.0,72.0,84
radial_radius_mm,0.15,2.1628938419763597,0.5376564579395894,0.8287493012117882,21.56282972410491,9.969435071488169,13.989024950808409,True,0.002277243883668464,3.664588265015584,117.0826940966776,0.15,0.2,1.6,1e-08,2.0,2.0,1500000.0,72.0,84
radial_radius_mm,0.1625,1.9718915408315576,0.4928727167325367,0.7262424004151388,26.09094950176126,13.231432338696763,17.70692148477377,True,0.0009099377027315213,2.8957473614449416,148.16895718727295,0.1625,0.2,1.6,1e-08,2.0,2.0,1500000.0,72.0,84
radial_radius_mm,0.175,1.8329292695122226,0.4544252107086931,0.6458286367389946,30.798223064214987,16.80273405880576,21.670592180732562,True,0.0002675241146911556,2.3665801517516716,181.29952898722524,0.175,0.2,1.6,1e-08,2.0,2.0,1500000.0,72.0,84
radial_radius_mm,0.1875,1.7269150188505475,0.42093271001510524,0.5803857856823563,35.48889988631868,20.550461081715795,25.73880886321129,False,,1.992901416612892,215.2940748832014,0.1875,0.2,1.6,1e-08,2.0,2.0,1500000.0,72.0,84
radial_radius_mm,0.2,1.645144867805882,0.3921507950034255,0.5272581150200348,40.03131401369559,24.3330023981931,29.773485069842856,False,,1.7231319952734703,249.00000000000003,0.2,0.2,1.6,1e-08,2.0,2.0,1500000.0,72.0,84
radial_radius_mm,0.2125,1.581731364298417,0.3677813928640443,0.4843239288747835,44.32100671216527,28.02056513042847,33.65607315667258,False,,1.5245771783889137,281.42876130187136,0.2125,0.2,1.6,1e-08,2.0,2.0,1500000.0,72.0,84
radial_radius_mm,0.22499999999999998,1.5322631446654815,0.34737058482319855,0.4497087761151721,48.28542627440238,31.51248951102579,37.29733030400318,False,,1.3759113754154098,311.83684828069255,0.22499999999999998,0.2,1.6,1e-08,2.0,2.0,1500000.0,72.0,84
radial_radius_mm,0.2375,1.4934415986399576,0.3304056878349467,0.42182131379316473,51.88411277074255,34.74130680301941,40.6399710189346,False,,1.2628784897671408,339.747545230743,0.2375,0.2,1.6,1e-08,2.0,2.0,1500000.0,72.0,84
radial_radius_mm,0.25,1.4630171275475052,0.31648100273690793,0.3995354283157208,55.11250614664793,37.67044493801279,43.65585620820609,False,,1.175740792558439,364.9272607863251,0.25,0.2,1.6,1e-08,2.0,2.0,1500000.0,72.0,84
radial_radius_mm,0.26249999999999996,1.4387483037693114,0.3049513960293504,0.38145038100002054,57.96487514102711,40.2884055461039,46.34015451389011,False,,1.1077180480555093,387.33671224032753,0.26249999999999996,0.2,1.6,1e-08,2.0,2.0,1500000.0,72.0,84
radial_radius_mm,0.275,1.4192593477306927,0.2954071420428285,0.3667252696507455,60.463065923248976,42.601844419714865,48.70463799929693,False,,1.0540070227681273,407.074960180302,0.275,0.2,1.6,1e-08,2.0,2.0,1500000.0,72.0,84
radial_radius_mm,0.2875,1.4035036161489436,0.2874973826259973,0.3546872843999521,62.6371483279335,44.62913212849626,50.77153027885562,False,,1.0111512209449538,424.3280905324168,0.2875,0.2,1.6,1e-08,2.0,2.0,1500000.0,72.0,84
radial_radius_mm,0.3,1.3906821920836765,0.28092844958222446,0.344802122688894,64.52090385895573,46.395146372215535,52.568578596294195,False,,0.9766273612333616,439.32812437411513,0.3,0.2,1.6,1e-08,2.0,2.0,1500000.0,72.0,84
av_radius_mm,0.08,1.9938674655166744,0.49846215092292095,0.735580522834993,30.850597533952026,15.472742329920939,20.905740060603375,False,,2.4516601172388595,175.0078911045449,0.2,0.08,1.6,1e-08,2.0,2.0,1500000.0,72.0,84
av_radius_mm,0.12,1.9057669085165525,0.4752768580820835,0.6867446961979948,32.47124177551276,17.03841200642336,22.472441148114772,False,,2.281260534765954,188.08016896111062,0.2,0.12,1.6,1e-08,2.0,2.0,1500000.0,72.0,84
av_radius_mm,0.16,1.766816585670776,0.4340102939319263,0.6046120930545048,35.7791705599881,20.25064222860714,25.68345640083168,False,,1.9968193251922077,214.8716518364996,0.2,0.16,1.6,1e-08,2.0,2.0,1500000.0,72.0,84
av_radius_mm,0.2,1.645144867805882,0.3921507950034255,0.5272581150200348,40.03131401369559,24.3330023981931,29.773485069842856,False,,1.7231319952734703,249.00000000000003,0.2,0.2,1.6,1e-08,2.0,2.0,1500000.0,72.0,84
av_radius_mm,0.24,1.5715028550937213,0.3636664440292334,0.4779353442052274,43.931591203655,27.95514565007584,33.42804784640245,False,,1.535088063563013,279.5017934197375,0.2,0.24,1.6,1e-08,2.0,2.0,1500000.0,72.0,84
av_radius_mm,0.28,1.5362249930553824,0.3490536838545309,0.45386827515314215,46.87785593923102,30.51496763244043,36.05206444814742,False,,1.4234928859206937,301.4134254317574,0.2,0.28,1.6,1e-08,2.0,2.0,1500000.0,72.0,84
av_radius_mm,0.32,1.5238444350589024,0.34376503467603237,0.44570418508967174,48.94358936254865,32.118494668162626,37.74946535671628,False,,1.3595014611776588,315.6008868511432,0.2,0.32,1.6,1e-08,2.0,2.0,1500000.0,72.0,84
av_radius_mm,0.36000000000000004,1.523811402790984,0.34375080920879114,0.4462308203148023,50.38212935382389,33.06323161878494,38.811522975533144,False,,1.3222506797754132,324.49207505491376,0.2,0.36000000000000004,1.6,1e-08,2.0,2.0,1500000.0,72.0,84
av_radius_mm,0.4,1.5299591350105932,0.34638777133542453,0.4510068792212812,51.40125049023048,33.59648588906565,39.47781158439744,False,,1.2998531459669533,330.0833391482227,0.2,0.4,1.6,1e-08,2.0,2.0,1500000.0,72.0,84
av_radius_mm,0.44,1.5394126845217877,0.35040161091653865,0.4580076961847845,52.15765233748508,33.88152693680554,39.9035333967532,False,,1.2858909242102952,333.667388691302,0.2,0.44,1.6,1e-08,2.0,2.0,1500000.0,72.0,84
av_radius_mm,0.48000000000000004,1.5498038450737737,0.3547570531724948,0.46547797160571863,52.723125032867834,34.01922456216265,40.18213881568654,False,,1.2768791836369315,336.02228959595385,0.2,0.48000000000000004,1.6,1e-08,2.0,2.0,1500000.0,72.0,84
av_radius_mm,0.52,1.55989293783405,0.3589303626257038,0.4725421637407116,53.14706642604817,34.07097060125433,40.36908722342304,False,,1.2708751462615688,337.60977078293257,0.2,0.52,1.6,1e-08,2.0,2.0,1500000.0,72.0,84
av_radius_mm,0.5599999999999999,1.5691634136220984,0.3627177441693591,0.4788847074020969,53.46769093815054,34.074010695120094,40.49759773754163,False,,1.2667598690318194,338.70655150373784,0.2,0.5599999999999999,1.6,1e-08,2.0,2.0,1500000.0,72.0,84
av_radius_mm,0.6,1.577418064530005,0.3660526511733895,0.4844184025490826,53.71235021787457,34.050802019868,40.5879464829258,False,,1.2638672265609396,339.4817571071863,0.2,0.6,1.6,1e-08,2.0,2.0,1500000.0,72.0,84
terminal_resistance,0.4,1.6086674907527696,0.3783674962362459,0.5029876299907037,55.61334368522561,34.57106207772096,41.83459065960242,False,,1.2258777454571606,350.00216653993255,0.2,0.2,0.4,1e-08,2.0,2.0,1500000.0,72.0,84
terminal_resistance,0.5205864354892782,1.6259047401658948,0.38495781745616425,0.5144431124660712,52.70624712710916,32.41656526675199,39.4400884542804,False,,1.3003109260077887,329.9671318923641,0.2,0.2,0.5205864354892782,1e-08,2.0,2.0,1500000.0,72.0,84
terminal_resistance,0.6775255920385811,1.6406760040098745,0.3904951388598589,0.5241277039941962,49.67291075540389,30.275880572399068,37.00821390509747,False,,1.3857991789245143,309.6118639326062,0.2,0.2,0.6775255920385811,1e-08,2.0,2.0,1500000.0,72.0,84
terminal_resistance,0.8817765822803196,1.6505476508296737,0.39414048452503975,0.5305091041289807,46.601098769742656,28.23371912123705,34.62217614278682,False,,1.4813973976685397,289.6318486169608,0.2,0.2,0.8817765822803196,1e-08,2.0,2.0,1500000.0,72.0,84
terminal_resistance,1.1476023196680747,1.6530370168367836,0.3950528694671468,0.5320559292459031,43.58112253406183,26.36427502238137,32.359093405992766,False,,1.5851611061137412,270.672719112443,0.2,0.2,1.1476023196680747,1e-08,2.0,2.0,1500000.0,72.0,84
terminal_resistance,1.4935655023880754,1.6477592675334232,0.39311523248360913,0.5288301225184447,40.73428553315204,24.72101740573326,30.280552195398556,False,,1.6942059817103468,253.25129969730517,0.2,0.2,1.4935655023880754,1e-08,2.0,2.0,1500000.0,72.0,84
terminal_resistance,1.9438248526449033,1.6342549248226024,0.3881003601022958,0.5205617047966992,38.12947792323615,23.331413810715663,28.427108594743334,True,8.617416823480874e-05,1.804977152517707,237.7093063059617,0.2,0.2,1.9438248526449033,1e-08,2.0,2.0,1500000.0,72.0,84
terminal_resistance,2.529822128134704,1.6119319137985495,0.37962640267883263,0.5065112897419785,35.78076875528252,22.197444227631447,26.817417109440044,True,0.0009446312691083271,1.9136899299373087,224.20553095409238,0.2,0.2,2.529822128134704,1e-08,2.0,2.0,1500000.0,72.0,84
terminal_resistance,3.292477710268864,1.5854501502065252,0.369264306500121,0.4898429836488119,33.76185992897691,21.294810136149028,25.451114354974635,True,0.0020766301050251187,2.0168330535610886,212.7394064994672,0.2,0.2,3.292477710268864,1e-08,2.0,2.0,1500000.0,72.0,84
terminal_resistance,4.285048087791922,1.5576439833244724,0.35800477470743697,0.4722295149869738,32.0713061955552,20.589625446442234,24.31377197892784,True,0.00016085297493270703,2.111597770801941,203.19204384277506,0.2,0.2,4.285048087791922,1e-08,2.0,2.0,1500000.0,72.0,84
terminal_resistance,5.57684477480936,1.5284400348443896,0.34573815314788586,0.4532521042256178,30.653429507262832,20.05536940177287,23.382263439453347,True,0.011922764110241702,2.196128891095926,195.37098599389677,0.2,0.2,5.57684477480936,1e-08,2.0,2.0,1500000.0,72.0,84
terminal_resistance,7.258074356487527,1.5038888383878952,0.33505723662929937,0.43769171045212973,29.56125014760129,19.656539361838533,22.629422831726288,True,0.0331444012512777,2.2695664459355998,189.04926427312407,0.2,0.2,7.258074356487527,1e-08,2.0,2.0,1500000.0,72.0,84
terminal_resistance,9.44613764439995,1.4810929314290715,0.3248229204394867,0.4228683237626761,28.676336638419393,19.361605224022153,22.027498611186807,True,0.06598786918619061,2.331916859383664,183.9944958142704,0.2,0.2,9.44613764439995,1e-08,2.0,2.0,1500000.0,72.0,84
terminal_resistance,12.293827813598144,1.4621198330759841,0.31606153108790264,0.4105299397456021,27.99161432568141,19.144541844284475,21.550370934892847,True,0.0957711687368539,2.3838293873398775,179.98765729701964,0.2,0.2,12.293827813598144,1e-08,2.0,2.0,1500000.0,72.0,84
terminal_resistance,16.0,1.4474864114071753,0.3091472278293451,0.4012093694829827,27.48045710987308,18.9849499748726,21.174747603597073,True,0.1259073653772159,2.4263526143576306,176.83326993949163,0.2,0.2,16.0,1e-08,2.0,2.0,1500000.0,72.0,84
terminal_compliance,2e-09,1.6451448453331299,0.3921507867001782,0.5272580983936322,40.031313601803944,24.333002480214983,29.77348507195267,False,,1.7231319952734703,249.00000000000003,0.2,0.2,1.6,2e-09,2.0,2.0,1500000.0,72.0,84
terminal_compliance,2.615320972023665e-09,1.6451448470616243,0.39215078733882347,0.5272580996724539,40.031313633484636,24.33300247390626,29.773485071790397,False,,1.7231319952734703,249.00000000000003,0.2,0.2,1.6,2.615320972023665e-09,2.0,2.0,1500000.0,72.0,84
terminal_compliance,3.4199518933533897e-09,1.645144849321908,0.39215078817395466,0.5272581013447184,40.03131367491223,24.333002465656588,29.7734850715782,False,,1.7231319952734703,249.00000000000003,0.2,0.2,1.6,3.4199518933533897e-09,2.0,2.0,1500000.0,72.0,84
terminal_compliance,4.4721359549995795e-09,1.6451448522775918,0.39215078926602265,0.5272581035314728,40.031313729085454,24.333002454868826,29.773485071300705,False,,1.7231319952734703,249.00000000000003,0.2,0.2,1.6,4.4721359549995795e-09,2.0,2.0,1500000.0,72.0,84
terminal_compliance,5.848035476425741e-09,1.6451448561426225,0.39215079069407677,0.5272581063910051,40.031313799925634,24.33300244076209,29.773485070937838,False,,1.7231319952734703,249.00000000000003,0.2,0.2,1.6,5.848035476425741e-09,2.0,2.0,1500000.0,72.0,84
terminal_compliance,7.64724491331729e-09,1.645144861196771,0.3921507925614868,0.5272581101303024,40.031313892560554,24.333002422315275,29.773485070463348,False,,1.7231319952734703,249.00000000000003,0.2,0.2,1.6,7.64724491331729e-09,2.0,2.0,1500000.0,72.0,84
terminal_compliance,1e-08,1.645144867805882,0.3921507950034255,0.5272581150200348,40.03131401369559,24.3330023981931,29.773485069842856,False,,1.7231319952734703,249.00000000000003,0.2,0.2,1.6,1e-08,2.0,2.0,1500000.0,72.0,84
terminal_compliance,1.3076604860118297e-08,1.645144876448355,0.3921507981966521,0.5272581214141444,40.0313141720991,24.333002366649488,29.773485069031477,False,,1.7231319952734703,249.00000000000003,0.2,0.2,1.6,1.3076604860118297e-08,2.0,2.0,1500000.0,72.0,84
terminal_compliance,1.7099759466766982e-08,1.6451448877497756,0.39215080237230837,0.527258129775469,40.03131437923712,24.33300232540116,29.773485067970466,False,,1.7231319952734703,249.00000000000003,0.2,0.2,1.6,1.7099759466766982e-08,2.0,2.0,1500000.0,72.0,84
terminal_compliance,2.2360679774997895e-08,1.645144902528199,0.3921508078326497,0.5272581407092446,40.031314650103376,24.33300227146235,29.77348506658302,False,,1.7231319952734703,249.00000000000003,0.2,0.2,1.6,2.2360679774997895e-08,2.0,2.0,1500000.0,72.0,84
terminal_compliance,2.9240177382128637e-08,1.6451449218533625,0.39215081497292337,0.5272581550069134,40.03131500430456,24.33300220092871,29.77348506476872,False,,1.7231319952734703,249.00000000000003,0.2,0.2,1.6,2.9240177382128637e-08,2.0,2.0,1500000.0,72.0,84
terminal_compliance,3.8236224566586444e-08,1.645144947124118,0.39215082430997794,0.5272581737034131,40.03131546747956,24.33300210869468,29.773485062396215,False,,1.7231319952734703,249.00000000000003,0.2,0.2,1.6,3.8236224566586444e-08,2.0,2.0,1500000.0,72.0,84
terminal_compliance,5e-08,1.6451449801696918,0.3921508365196768,0.5272581981520916,40.03131607315538,24.333001988083915,29.773485059293794,False,,1.7231319952734703,249.00000000000003,0.2,0.2,1.6,5e-08,2.0,2.0,1500000.0,72.0,84
youngs_modulus_pa,500000.0,1.4887953022037932,0.3283159890955141,0.4236481407700655,32.234546084896245,21.651429203988602,24.980911899367015,True,0.016134508177922037,1.7231319952734703,249.00000000000003,0.2,0.2,1.6,1e-08,2.0,2.0,500000.0,72.0,84
youngs_modulus_pa,594603.5575013604,1.5019254914589428,0.3341880101997481,0.43187488946831704,33.5746092100308,22.35437736489647,25.980282991094025,True,0.0026948542010541902,1.7231319952734703,249.00000000000003,0.2,0.2,1.6,1e-08,2.0,2.0,594603.5575013604,72.0,84
youngs_modulus_pa,707106.7811865475,1.520921526178511,0.3425038815035946,0.444220032934651,34.86826894499545,22.92575149002326,26.884238822090783,True,0.003399086712821056,1.7231319952734703,249.00000000000003,0.2,0.2,1.6,1e-08,2.0,2.0,707106.7811865475,72.0,84
youngs_modulus_pa,840896.4152537145,1.5434550339292725,0.35210292621597417,0.45921494810409785,36.1187461626864,23.40122994755253,27.694037982951244,True,0.0022272368542951633,1.7231319952734703,249.00000000000003,0.2,0.2,1.6,1e-08,2.0,2.0,840896.4152537145,72.0,84
youngs_modulus_pa,1000000.0,1.5696062996951863,0.36289756215033186,0.47678184495633213,37.329841187660534,23.782932825199477,28.413221908023367,True,0.0008203206751802284,1.7231319952734703,249.00000000000003,0.2,0.2,1.6,1e-08,2.0,2.0,1000000.0,72.0,84
youngs_modulus_pa,1189207.115002721,1.599428598943585,0.3747767167221499,0.49681348327762226,38.50545093844731,24.0745044598302,29.047010526791627,True,0.00020099504375123512,1.7231319952734703,249.00000000000003,0.2,0.2,1.6,1e-08,2.0,2.0,1189207.115002721,72.0,84
youngs_modulus_pa,1414213.5623730952,1.6329289571742491,0.3876034866020871,0.5191650138136293,39.64924615151429,24.281060102042968,29.60173671292153,False,,1.7231319952734703,249.00000000000003,0.2,0.2,1.6,1e-08,2.0,2.0,1414213.5623730952,72.0,84
youngs_modulus_pa,1681792.8305074293,1.6700615252427387,0.401219664733817,0.5436550462966622,40.764481589747106,24.408969953260918,30.084355415991666,False,,1.7231319952734703,249.00000000000003,0.2,0.2,1.6,1e-08,2.0,2.0,1681792.8305074293,72.0,84
youngs_modulus_pa,2000000.0000000002,1.7107285599518396,0.4154537292414455,0.5700719324639586,41.85390140131825,24.465541980836818,30.502044444331183,False,,1.7231319952734703,249.00000000000003,0.2,0.2,1.6,1e-08,2.0,2.0,2000000.0000000002,72.0,84
youngs_modulus_pa,2378414.2300054426,1.7555611644923963,0.4303815667458442,0.5985325212310274,42.91970625334088,24.447855831756623,30.861899339391634,False,,1.7231319952734703,249.00000000000003,0.2,0.2,1.6,1e-08,2.0,2.0,2378414.2300054426,72.0,84
youngs_modulus_pa,2828427.124746191,1.803922918909094,0.44565258885632375,0.6285538645567341,43.96355809923632,24.371084616976255,31.17071517184447,False,,1.7231319952734703,249.00000000000003,0.2,0.2,1.6,1e-08,2.0,2.0,2828427.124746191,72.0,84
youngs_modulus_pa,3363585.661014859,1.8555467535143029,0.4610752878600039,0.6599391137717143,44.99283060808453,24.247748283825562,31.434842838297193,False,,1.7231319952734703,249.00000000000003,0.2,0.2,1.6,1e-08,2.0,2.0,3363585.661014859,72.0,84
youngs_modulus_pa,4000000.0,1.9098389790686938,0.47639564855481376,0.6921479362306674,45.99848203769348,24.085005354809542,31.6601055003088,False,,1.7231319952734703,249.00000000000003,0.2,0.2,1.6,1e-08,2.0,2.0,4000000.0,72.0,84
heart_rate_bpm,55.0,1.6508107740245939,0.3942370526441077,0.5280975717614748,39.88040462053488,24.158071444680758,29.771644515259037,False,,1.7231319952734703,249.00000000000003,0.2,0.2,1.6,1e-08,2.0,2.0,1500000.0,55.0,110
heart_rate_bpm,60.0,1.6490965162333528,0.39360735399279895,0.5270802461765619,39.92408374488038,24.209670781471097,29.81408064028499,False,,1.7231319952734703,249.00000000000003,0.2,0.2,1.6,1e-08,2.0,2.0,1500000.0,60.0,100
heart_rate_bpm,65.0,1.646856850422383,0.3927826819049138,0.5271761043600982,39.96411505873002,24.266902766005494,29.776031506166742,False,,1.7231319952734703,249.00000000000003,0.2,0.2,1.6,1e-08,2.0,2.0,1500000.0,65.0,93
heart_rate_bpm,70.0,1.646208603887239,0.39254357094315284,0.5270405953395105,40.006267005946874,24.302064095327253,29.796951220623228,False,,1.7231319952734703,249.00000000000003,0.2,0.2,1.6,1e-08,2.0,2.0,1500000.0,70.0,86
heart_rate_bpm,75.0,1.644138745183249,0.391778824670576,0.5264532656177335,40.06313178112897,24.367245099295864,29.81439703563384,False,,1.7231319952734703,249.00000000000003,0.2,0.2,1.6,1e-08,2.0,2.0,1500000.0,75.0,80
heart_rate_bpm,80.0,1.6450222573165663,0.39210548942283335,0.527794176015636,40.131663045429256,24.395817665648984,29.814359640289197,False,,1.7231319952734703,249.00000000000003,0.2,0.2,1.6,1e-08,2.0,2.0,1500000.0,80.0,75
heart_rate_bpm,85.0,1.6453332469778819,0.39222038949447974,0.5292821193154266,40.19176599479828,24.427735881847514,29.783794951055523,False,,1.7231319952734703,249.00000000000003,0.2,0.2,1.6,1e-08,2.0,2.0,1500000.0,85.0,71
heart_rate_bpm,90.0,1.643945031707374,0.39170715521952915,0.5287688681752735,40.210872906930625,24.459986271662792,29.78784792989517,True,0.00010295183622226679,1.7231319952734703,249.00000000000003,0.2,0.2,1.6,1e-08,2.0,2.0,1500000.0,90.0,67
heart_rate_bpm,95.0,1.6486555033020234,0.39344514484854987,0.5334070816861324,40.327450620111215,24.460810969508817,29.745836145345088,True,0.00049087966098869,1.7231319952734703,249.00000000000003,0.2,0.2,1.6,1e-08,2.0,2.0,1500000.0,95.0,64
heart_rate_bpm,100.0,1.648351973126769,0.39333345286498866,0.532298935111153,40.34706995255456,24.477217615131043,29.81379689236017,True,0.00020004636653149616,1.7231319952734703,249.00000000000003,0.2,0.2,1.6,1e-08,2.0,2.0,1500000.0,100.0,60
heart_rate_bpm,105.0,1.649261410275403,0.3936679814553993,0.5357269305959877,40.46732847326372,24.536636958301386,29.736588932051056,True,0.0008938191615476445,1.7231319952734703,249.00000000000003,0.2,0.2,1.6,1e-08,2.0,2.0,1500000.0,105.0,58
