parameter,metric,minimum,maximum,range,spearman
av_radius_mm,PI,0.44570418508967174,0.735580522834993,0.28987633774532123,-0.42417582417582417
av_radius_mm,RI,0.34375080920879114,0.49846215092292095,0.1547113417141298,-0.46373626373626375
av_radius_mm,SD,1.523811402790984,1.9938674655166744,0.47005606272569045,-0.46373626373626375
heart_rate_bpm,PI,0.5264532656177335,0.5357269305959877,0.009273664978254215,0.7636363636363637
heart_rate_bpm,RI,0.39170715521952915,0.3942370526441077,0.002529897424578542,-0.11818181818181818
heart_rate_bpm,SD,1.643945031707374,1.6508107740245939,0.006865742317219814,-0.11818181818181818
radial_radius_mm,PI,0.344802122688894,1.8794370307269759,1.534634908038082,-1.0
radial_radius_mm,RI,0.28092844958222446,0.8000847310904787,0.5191562815082542,-1.0
radial_radius_mm,SD,1.3906821920836765,5.002119175062039,3.6114369829783626,-1.0
terminal_compliance,PI,0.5272580983936322,0.5272581981520916,9.975845938203776e-08,1.0
terminal_compliance,RI,0.3921507867001782,0.3921508365196768,4.981949858207102e-08,1.0
terminal_compliance,SD,1.6451448453331299,1.6451449801696918,1.3483656191581872e-07,1.0
terminal_resistance,PI,0.4012093694829827,0.5320559292459031,0.13084655976292037,-0.8214285714285714
terminal_resistance,RI,0.3091472278293451,0.3950528694671468,0.08590564163780168,-0.8214285714285714
terminal_resistance,SD,1.4474864114071753,1.6530370168367836,0.20555060542960835,-0.8214285714285714
youngs_modulus_pa,PI,0.4236481407700655,0.6921479362306674,0.2684997954606019,1.0
youngs_modulus_pa,RI,0.3283159890955141,0.47639564855481376,0.14807965945929963,1.0
youngs_modulus_pa,SD,1.4887953022037932,1.9098389790686938,0.42104367686490063,1.0
